SPID,GeoID,PID,SaleDate,sale,Customers,Boxes
SP01,G4,P04,"2021-01-01 00:00:00",8414,276,495
SP02,G3,P14,"2021-01-01 00:00:00",532,317,54
SP12,G2,P08,"2021-01-01 00:00:00",5376,178,269
SP01,G4,P15,"2021-01-01 00:00:00",259,32,22
SP19,G2,P18,"2021-01-01 00:00:00",5530,4,179
SP17,G1,P13,"2021-01-01 00:00:00",2184,63,122
SP20,G6,P04,"2021-01-01 00:00:00",1057,295,71
SP14,G5,P16,"2021-01-01 00:00:00",1036,370,37
SP10,G5,P17,"2021-01-01 00:00:00",4039,536,176
SP06,G4,P01,"2021-01-01 00:00:00",12894,115,478
SP18,G2,P01,"2021-01-01 00:00:00",4669,121,180
SP04,G4,P16,"2021-01-01 00:00:00",6377,184,246
SP22,G3,P05,"2021-01-01 00:00:00",4599,106,256
SP22,G2,P09,"2021-01-01 00:00:00",2751,228,251
SP10,G1,P06,"2021-01-01 00:00:00",15596,32,975
SP06,G1,P11,"2021-01-01 00:00:00",8561,111,330
SP25,G6,P05,"2021-01-01 00:00:00",14273,335,752
SP02,G4,P13,"2021-01-01 00:00:00",2506,99,148
SP19,G3,P10,"2021-01-01 00:00:00",2387,134,89
SP09,G2,P07,"2021-01-01 00:00:00",7553,67,280
SP22,G4,P22,"2021-01-01 00:00:00",3409,93,171
SP15,G2,P22,"2021-01-01 00:00:00",3878,24,216
SP12,G2,P04,"2021-01-01 00:00:00",3052,76,204
SP18,G2,P21,"2021-01-04 00:00:00",19229,64,1013
SP15,G6,P21,"2021-01-04 00:00:00",1988,179,95
SP12,G6,P09,"2021-01-04 00:00:00",147,9,11
SP20,G6,P12,"2021-01-04 00:00:00",2401,407,134
SP11,G2,P17,"2021-01-04 00:00:00",2814,296,94
SP06,G6,P17,"2021-01-04 00:00:00",5390,61,216
SP23,G3,P02,"2021-01-04 00:00:00",3920,16,262
SP19,G3,P19,"2021-01-04 00:00:00",7539,502,943
SP23,G1,P16,"2021-01-05 00:00:00",17248,163,664
SP18,G6,P03,"2021-01-05 00:00:00",1176,152,66
SP17,G5,P13,"2021-01-05 00:00:00",9730,361,573
SP16,G4,P13,"2021-01-05 00:00:00",2226,129,140
SP18,G6,P12,"2021-01-05 00:00:00",7063,250,643
SP07,G4,P11,"2021-01-05 00:00:00",7399,420,275
SP04,G2,P09,"2021-01-05 00:00:00",4284,230,306
SP07,G4,P04,"2021-01-05 00:00:00",4865,168,271
SP06,G4,P19,"2021-01-05 00:00:00",3780,111,315
SP13,G1,P09,"2021-01-05 00:00:00",3059,484,279
SP11,G6,P11,"2021-01-05 00:00:00",6622,57,276
SP04,G1,P20,"2021-01-06 00:00:00",644,116,34
SP08,G1,P11,"2021-01-06 00:00:00",4935,87,171
SP13,G6,P22,"2021-01-06 00:00:00",7182,29,378
SP09,G5,P09,"2021-01-06 00:00:00",539,10,77
SP20,G6,P19,"2021-01-06 00:00:00",637,79,91
SP07,G2,P15,"2021-01-06 00:00:00",1470,57,184
SP10,G2,P13,"2021-01-06 00:00:00",1442,108,61
SP11,G2,P20,"2021-01-06 00:00:00",9023,224,564
SP03,G6,P01,"2021-01-06 00:00:00",2709,27,101
SP19,G3,P21,"2021-01-07 00:00:00",5733,193,338
SP05,G3,P02,"2021-01-07 00:00:00",10451,155,1307
SP18,G1,P18,"2021-01-07 00:00:00",11228,236,388
SP15,G6,P17,"2021-01-07 00:00:00",3073,137,129
SP09,G5,P13,"2021-01-07 00:00:00",5467,109,288
SP08,G2,P20,"2021-01-07 00:00:00",4067,272,226
SP02,G1,P05,"2021-01-08 00:00:00",2814,69,149
SP24,G4,P17,"2021-01-08 00:00:00",2716,299,105
SP22,G5,P09,"2021-01-08 00:00:00",3570,61,325
SP12,G1,P13,"2021-01-08 00:00:00",9562,123,479
SP17,G4,P22,"2021-01-08 00:00:00",2373,2,104
SP08,G1,P17,"2021-01-08 00:00:00",2807,236,123
SP10,G2,P01,"2021-01-08 00:00:00",420,196,14
SP06,G2,P04,"2021-01-08 00:00:00",8239,157,515
SP05,G4,P02,"2021-01-08 00:00:00",6797,114,486
SP22,G4,P13,"2021-01-08 00:00:00",6048,56,319
SP05,G5,P04,"2021-01-08 00:00:00",364,14,21
SP19,G5,P14,"2021-01-08 00:00:00",6496,15,406
SP24,G2,P09,"2021-01-08 00:00:00",1057,45,106
SP08,G6,P04,"2021-01-08 00:00:00",357,185,17
SP08,G5,P07,"2021-01-08 00:00:00",6419,359,257
SP08,G3,P10,"2021-01-08 00:00:00",12726,179,579
SP16,G2,P13,"2021-01-11 00:00:00",6006,109,376
SP15,G6,P08,"2021-01-11 00:00:00",5124,33,285
SP23,G4,P01,"2021-01-11 00:00:00",2709,188,113
SP01,G5,P01,"2021-01-11 00:00:00",7238,67,315
SP06,G1,P14,"2021-01-12 00:00:00",6776,68,424
SP11,G6,P01,"2021-01-12 00:00:00",189,123,8
SP08,G2,P12,"2021-01-12 00:00:00",4669,217,390
SP01,G3,P19,"2021-01-12 00:00:00",490,188,35
SP08,G5,P19,"2021-01-12 00:00:00",4235,76,283
SP13,G2,P07,"2021-01-12 00:00:00",4487,161,187
SP02,G3,P15,"2021-01-12 00:00:00",2653,147,332
SP04,G4,P10,"2021-01-12 00:00:00",5306,5,253
SP16,G2,P02,"2021-01-12 00:00:00",6888,112,689
SP08,G4,P16,"2021-01-12 00:00:00",721,45,24
SP14,G1,P10,"2021-01-12 00:00:00",8610,124,345
SP10,G2,P12,"2021-01-12 00:00:00",11739,22,903
SP16,G1,P09,"2021-01-13 00:00:00",4774,206,341
SP10,G3,P02,"2021-01-13 00:00:00",6307,123,789
SP21,G3,P08,"2021-01-13 00:00:00",4340,168,217
SP09,G1,P19,"2021-01-13 00:00:00",1078,76,77
SP13,G6,P03,"2021-01-13 00:00:00",5418,287,247
SP03,G2,P21,"2021-01-13 00:00:00",6069,268,434
SP15,G2,P21,"2021-01-13 00:00:00",12334,119,686
SP08,G6,P07,"2021-01-13 00:00:00",728,234,32
SP21,G1,P15,"2021-01-13 00:00:00",2135,179,165
SP07,G4,P13,"2021-01-13 00:00:00",2121,130,89
SP12,G6,P01,"2021-01-14 00:00:00",6881,10,222
SP24,G4,P07,"2021-01-14 00:00:00",1239,97,50
SP16,G5,P05,"2021-01-14 00:00:00",3598,365,257
SP18,G3,P20,"2021-01-14 00:00:00",6580,210,347
SP08,G6,P10,"2021-01-14 00:00:00",1127,97,54
SP22,G1,P22,"2021-01-14 00:00:00",3605,345,139
SP09,G4,P11,"2021-01-14 00:00:00",5096,201,196
SP25,G2,P08,"2021-01-14 00:00:00",2135,183,98
SP13,G2,P04,"2021-01-14 00:00:00",35,142,3
SP11,G1,P19,"2021-01-14 00:00:00",13090,17,935
SP05,G6,P20,"2021-01-14 00:00:00",15785,209,1128
SP20,G5,P12,"2021-01-14 00:00:00",14574,86,810
SP11,G4,P17,"2021-01-14 00:00:00",3556,195,143
SP02,G2,P12,"2021-01-14 00:00:00",14532,142,969
SP23,G4,P17,"2021-01-14 00:00:00",4445,340,159
SP17,G2,P01,"2021-01-14 00:00:00",10339,207,357
SP03,G4,P11,"2021-01-14 00:00:00",1351,282,55
SP02,G4,P15,"2021-01-14 00:00:00",4011,260,335
SP17,G6,P12,"2021-01-14 00:00:00",5306,333,483
SP24,G2,P11,"2021-01-14 00:00:00",18704,78,585
SP21,G3,P20,"2021-01-14 00:00:00",9310,62,582
SP04,G4,P06,"2021-01-14 00:00:00",1211,37,61
SP09,G3,P04,"2021-01-15 00:00:00",3094,317,148
SP17,G4,P04,"2021-01-15 00:00:00",4949,244,248
SP06,G4,P08,"2021-01-15 00:00:00",308,91,19
SP11,G1,P17,"2021-01-15 00:00:00",7546,49,329
SP12,G2,P13,"2021-01-15 00:00:00",6713,422,373
SP14,G4,P17,"2021-01-15 00:00:00",6895,318,300
SP02,G4,P05,"2021-01-15 00:00:00",3430,120,202
SP21,G4,P14,"2021-01-18 00:00:00",4165,61,348
SP25,G1,P03,"2021-01-18 00:00:00",2380,209,159
SP03,G6,P14,"2021-01-18 00:00:00",6594,114,413
SP04,G5,P04,"2021-01-18 00:00:00",1428,55,76
SP19,G5,P07,"2021-01-18 00:00:00",2646,150,116
SP10,G1,P01,"2021-01-18 00:00:00",238,364,11
SP24,G5,P04,"2021-01-18 00:00:00",945,298,50
SP11,G6,P10,"2021-01-18 00:00:00",9436,102,337
SP17,G2,P10,"2021-01-18 00:00:00",4081,116,152
SP04,G2,P08,"2021-01-18 00:00:00",10556,25,587
SP01,G2,P14,"2021-01-18 00:00:00",2331,38,167
SP11,G3,P16,"2021-01-19 00:00:00",896,346,32
SP20,G1,P18,"2021-01-19 00:00:00",4214,314,169
SP20,G3,P09,"2021-01-19 00:00:00",2121,90,177
SP23,G1,P13,"2021-01-19 00:00:00",1029,386,47
SP08,G1,P05,"2021-01-19 00:00:00",15407,103,771
SP03,G4,P17,"2021-01-19 00:00:00",10129,134,406
SP13,G2,P20,"2021-01-19 00:00:00",16380,203,1092
SP24,G1,P14,"2021-01-19 00:00:00",3899,102,279
SP05,G3,P10,"2021-01-19 00:00:00",12075,264,432
SP11,G2,P18,"2021-01-19 00:00:00",10696,115,428
SP19,G2,P03,"2021-01-19 00:00:00",4039,436,238
SP18,G1,P22,"2021-01-19 00:00:00",5250,410,202
SP21,G1,P08,"2021-01-19 00:00:00",8113,25,508
SP08,G6,P06,"2021-01-19 00:00:00",161,95,10
SP07,G6,P10,"2021-01-19 00:00:00",8218,205,294
SP06,G5,P15,"2021-01-19 00:00:00",742,80,53
SP03,G2,P11,"2021-01-19 00:00:00",3087,193,111
SP08,G1,P18,"2021-01-19 00:00:00",5110,131,155
SP04,G4,P04,"2021-01-19 00:00:00",5873,164,267
SP11,G6,P05,"2021-01-19 00:00:00",4641,301,357
SP04,G4,P22,"2021-01-20 00:00:00",1155,34,45
SP10,G6,P02,"2021-01-20 00:00:00",784,247,49
SP25,G4,P05,"2021-01-20 00:00:00",5369,16,384
SP10,G3,P06,"2021-01-20 00:00:00",343,338,18
SP10,G6,P19,"2021-01-20 00:00:00",7007,38,584
SP15,G1,P15,"2021-01-20 00:00:00",126,127,13
SP16,G1,P08,"2021-01-20 00:00:00",3073,57,134
SP19,G4,P21,"2021-01-21 00:00:00",7805,86,488
SP09,G6,P11,"2021-01-21 00:00:00",3087,14,124
SP13,G4,P21,"2021-01-21 00:00:00",9030,85,452
SP04,G2,P20,"2021-01-21 00:00:00",7805,6,411
SP18,G1,P11,"2021-01-21 00:00:00",6979,38,233
SP19,G1,P07,"2021-01-21 00:00:00",11284,39,513
SP17,G5,P01,"2021-01-21 00:00:00",2408,106,90
SP03,G6,P02,"2021-01-21 00:00:00",5299,86,332
SP10,G6,P16,"2021-01-21 00:00:00",6293,158,234
SP08,G5,P03,"2021-01-21 00:00:00",280,408,17
SP05,G1,P13,"2021-01-21 00:00:00",644,483,30
SP07,G5,P21,"2021-01-21 00:00:00",2191,65,110
SP16,G4,P21,"2021-01-21 00:00:00",427,267,26
SP14,G3,P20,"2021-01-21 00:00:00",5537,346,426
SP18,G5,P08,"2021-01-21 00:00:00",742,264,31
SP23,G3,P13,"2021-01-21 00:00:00",4200,457,248
SP08,G6,P15,"2021-01-21 00:00:00",5299,203,442
SP08,G2,P17,"2021-01-21 00:00:00",3829,286,160
SP20,G4,P18,"2021-01-21 00:00:00",5747,70,192
SP06,G4,P13,"2021-01-21 00:00:00",2345,199,147
SP12,G4,P09,"2021-01-22 00:00:00",4312,181,616
SP25,G4,P13,"2021-01-22 00:00:00",1358,68,68
SP01,G2,P09,"2021-01-22 00:00:00",13146,85,1644
SP05,G5,P14,"2021-01-22 00:00:00",12047,295,927
SP08,G3,P20,"2021-01-22 00:00:00",5971,44,460
SP16,G4,P02,"2021-01-22 00:00:00",3038,280,254
SP20,G6,P16,"2021-01-22 00:00:00",8022,167,268
SP16,G3,P15,"2021-01-22 00:00:00",2226,1,248
SP10,G3,P17,"2021-01-22 00:00:00",2366,470,79
SP24,G5,P02,"2021-01-22 00:00:00",8386,194,599
SP03,G3,P16,"2021-01-22 00:00:00",13230,261,576
SP17,G6,P03,"2021-01-22 00:00:00",1771,151,111
SP13,G6,P04,"2021-01-22 00:00:00",3416,458,228
SP17,G6,P13,"2021-01-22 00:00:00",15197,11,634
SP08,G4,P15,"2021-01-22 00:00:00",5971,59,498
SP02,G6,P09,"2021-01-22 00:00:00",13335,227,1667
SP23,G3,P21,"2021-01-22 00:00:00",4613,54,210
SP12,G1,P12,"2021-01-22 00:00:00",10430,110,580
SP20,G2,P03,"2021-01-22 00:00:00",168,94,10
SP25,G6,P08,"2021-01-22 00:00:00",4606,256,192
SP11,G6,P14,"2021-01-22 00:00:00",1491,193,136
SP02,G1,P08,"2021-01-25 00:00:00",12194,302,509
SP12,G6,P04,"2021-01-25 00:00:00",10122,206,533
SP09,G5,P08,"2021-01-25 00:00:00",1841,164,88
SP16,G6,P09,"2021-01-25 00:00:00",6958,337,580
SP07,G1,P08,"2021-01-25 00:00:00",749,323,35
SP16,G6,P04,"2021-01-25 00:00:00",3507,48,195
SP17,G4,P15,"2021-01-25 00:00:00",7294,122,562
SP10,G1,P12,"2021-01-25 00:00:00",5040,219,420
SP10,G1,P16,"2021-01-25 00:00:00",3913,257,157
SP09,G2,P02,"2021-01-25 00:00:00",3598,101,300
SP19,G2,P10,"2021-01-25 00:00:00",8911,302,319
SP08,G4,P22,"2021-01-25 00:00:00",42,35,2
SP13,G1,P21,"2021-01-25 00:00:00",2282,222,109
SP23,G3,P08,"2021-01-25 00:00:00",12964,242,541
SP09,G3,P20,"2021-01-25 00:00:00",5775,219,361
SP16,G4,P10,"2021-01-25 00:00:00",10787,100,400
SP20,G5,P21,"2021-01-25 00:00:00",6342,115,374
SP14,G1,P22,"2021-01-25 00:00:00",11564,46,463
SP03,G2,P04,"2021-01-25 00:00:00",2793,37,156
SP18,G3,P19,"2021-01-25 00:00:00",1603,81,134
SP06,G5,P03,"2021-01-25 00:00:00",3052,357,180
SP12,G3,P21,"2021-01-25 00:00:00",1659,82,83
SP01,G4,P05,"2021-01-25 00:00:00",3143,82,210
SP02,G2,P21,"2021-01-25 00:00:00",12782,212,609
SP21,G4,P19,"2021-01-25 00:00:00",343,313,32
SP10,G4,P14,"2021-01-25 00:00:00",1785,216,138
SP10,G3,P09,"2021-01-25 00:00:00",4914,46,615
SP18,G6,P14,"2021-01-26 00:00:00",1869,242,208
SP04,G1,P10,"2021-01-26 00:00:00",8512,173,387
SP23,G6,P09,"2021-01-26 00:00:00",9296,1,716
SP20,G5,P07,"2021-01-26 00:00:00",6034,229,263
SP22,G1,P11,"2021-01-26 00:00:00",9471,166,365
SP15,G1,P22,"2021-01-26 00:00:00",3815,146,166
SP01,G4,P06,"2021-01-26 00:00:00",9485,140,527
SP16,G2,P16,"2021-01-26 00:00:00",3549,78,132
SP04,G6,P09,"2021-01-26 00:00:00",1512,61,117
SP13,G3,P16,"2021-01-26 00:00:00",2296,113,96
SP11,G1,P01,"2021-01-27 00:00:00",17402,43,697
SP15,G6,P12,"2021-01-27 00:00:00",11816,160,844
SP17,G4,P16,"2021-01-27 00:00:00",10612,232,425
SP01,G2,P01,"2021-01-27 00:00:00",5558,263,192
SP21,G6,P04,"2021-01-27 00:00:00",14056,148,781
SP09,G2,P16,"2021-01-27 00:00:00",5131,171,166
SP16,G2,P08,"2021-01-27 00:00:00",1477,352,87
SP06,G5,P04,"2021-01-27 00:00:00",7686,72,549
SP23,G6,P13,"2021-01-27 00:00:00",8722,35,460
SP08,G6,P16,"2021-01-27 00:00:00",6370,35,206
SP03,G6,P13,"2021-01-27 00:00:00",4074,208,240
SP24,G4,P11,"2021-01-27 00:00:00",1309,97,51
SP07,G5,P20,"2021-01-27 00:00:00",4991,137,357
SP04,G3,P22,"2021-01-27 00:00:00",6965,91,367
SP15,G5,P18,"2021-01-27 00:00:00",10199,497,408
SP12,G4,P21,"2021-01-27 00:00:00",7392,9,390
SP01,G4,P12,"2021-01-27 00:00:00",5880,71,392
SP04,G2,P11,"2021-01-27 00:00:00",5950,25,238
SP14,G2,P16,"2021-01-27 00:00:00",10395,57,336
SP22,G1,P07,"2021-01-27 00:00:00",6174,33,247
SP04,G4,P19,"2021-01-27 00:00:00",15239,170,1524
SP21,G3,P09,"2021-01-27 00:00:00",2219,145,247
SP17,G4,P19,"2021-01-27 00:00:00",3150,70,243
SP17,G6,P15,"2021-01-27 00:00:00",2968,216,212
SP02,G3,P05,"2021-01-27 00:00:00",3241,199,163
SP15,G3,P07,"2021-01-27 00:00:00",3605,120,151
SP20,G3,P08,"2021-01-28 00:00:00",3640,169,174
SP11,G3,P08,"2021-01-28 00:00:00",1309,294,77
SP13,G1,P06,"2021-01-28 00:00:00",10346,131,739
SP15,G3,P04,"2021-01-28 00:00:00",1071,359,54
SP11,G6,P19,"2021-01-28 00:00:00",6328,119,791
SP07,G3,P11,"2021-01-28 00:00:00",1820,143,68
SP09,G1,P21,"2021-01-28 00:00:00",3437,179,157
SP17,G6,P14,"2021-01-28 00:00:00",4550,214,455
SP01,G3,P07,"2021-01-28 00:00:00",2968,259,110
SP14,G2,P06,"2021-01-28 00:00:00",12565,4,898
SP17,G3,P01,"2021-01-28 00:00:00",8246,294,318
SP09,G1,P05,"2021-01-28 00:00:00",1190,137,70
SP24,G4,P06,"2021-01-28 00:00:00",3283,146,183
SP08,G5,P18,"2021-01-28 00:00:00",3087,300,115
SP20,G1,P21,"2021-01-28 00:00:00",6531,244,297
SP16,G2,P14,"2021-01-28 00:00:00",4228,55,249
SP24,G2,P17,"2021-01-28 00:00:00",10094,118,389
SP21,G4,P01,"2021-01-28 00:00:00",182,46,6
SP22,G4,P14,"2021-01-28 00:00:00",616,151,37
SP24,G2,P20,"2021-01-29 00:00:00",12131,121,809
SP07,G2,P07,"2021-01-29 00:00:00",2394,323,93
SP12,G1,P14,"2021-01-29 00:00:00",14287,89,841
SP11,G4,P03,"2021-01-29 00:00:00",10941,185,730
SP24,G6,P07,"2021-01-29 00:00:00",7777,345,260
SP06,G3,P09,"2021-01-29 00:00:00",9436,7,858
SP07,G3,P12,"2021-01-29 00:00:00",1267,104,116
SP07,G2,P11,"2021-01-29 00:00:00",8806,32,327
SP06,G6,P21,"2021-01-29 00:00:00",3640,403,243
SP07,G6,P17,"2021-01-29 00:00:00",4900,239,182
SP18,G5,P14,"2021-01-29 00:00:00",5558,219,348
SP25,G4,P03,"2021-01-29 00:00:00",9142,1,436
SP02,G6,P05,"2021-01-29 00:00:00",3514,143,235
SP19,G3,P02,"2021-01-29 00:00:00",140,91,10
SP15,G6,P10,"2021-02-01 00:00:00",11844,211,439
SP03,G4,P01,"2021-02-01 00:00:00",6517,54,233
SP07,G1,P01,"2021-02-01 00:00:00",8715,24,282
SP05,G1,P16,"2021-02-01 00:00:00",4851,455,180
SP01,G2,P16,"2021-02-01 00:00:00",10983,185,379
SP21,G5,P15,"2021-02-01 00:00:00",3290,75,329
SP11,G5,P16,"2021-02-01 00:00:00",6545,86,212
SP03,G3,P19,"2021-02-01 00:00:00",441,7,45
SP14,G1,P21,"2021-02-01 00:00:00",9849,75,580
SP09,G4,P14,"2021-02-01 00:00:00",3073,9,308
SP17,G2,P16,"2021-02-01 00:00:00",4452,75,149
SP12,G3,P13,"2021-02-01 00:00:00",10220,105,538
SP09,G6,P19,"2021-02-01 00:00:00",3150,11,210
SP07,G2,P20,"2021-02-01 00:00:00",6083,43,381
SP08,G6,P12,"2021-02-01 00:00:00",14063,140,1407
SP07,G6,P19,"2021-02-01 00:00:00",4578,256,306
SP19,G1,P14,"2021-02-01 00:00:00",6454,21,461
SP15,G2,P18,"2021-02-02 00:00:00",6650,166,256
SP01,G1,P22,"2021-02-02 00:00:00",2436,203,94
SP21,G4,P21,"2021-02-02 00:00:00",6944,33,331
SP05,G1,P11,"2021-02-02 00:00:00",19817,126,684
SP01,G1,P02,"2021-02-02 00:00:00",3521,50,235
SP12,G2,P11,"2021-02-02 00:00:00",10458,546,327
SP24,G4,P08,"2021-02-02 00:00:00",1302,401,57
SP10,G5,P11,"2021-02-02 00:00:00",7952,221,249
SP13,G5,P06,"2021-02-02 00:00:00",4753,133,265
SP11,G1,P13,"2021-02-02 00:00:00",11452,81,546
SP03,G1,P10,"2021-02-02 00:00:00",9345,124,390
SP16,G1,P05,"2021-02-02 00:00:00",7490,172,357
SP25,G1,P16,"2021-02-02 00:00:00",1519,127,57
SP09,G6,P20,"2021-02-02 00:00:00",3087,135,155
SP06,G6,P20,"2021-02-02 00:00:00",2352,178,168
SP17,G3,P15,"2021-02-02 00:00:00",11578,76,891
SP11,G2,P22,"2021-02-02 00:00:00",462,223,22
SP24,G1,P17,"2021-02-03 00:00:00",6916,32,315
SP11,G1,P09,"2021-02-03 00:00:00",3248,101,542
SP25,G3,P01,"2021-02-03 00:00:00",6475,431,240
SP23,G6,P22,"2021-02-03 00:00:00",9009,129,501
SP17,G3,P14,"2021-02-03 00:00:00",2835,20,189
SP14,G1,P01,"2021-02-03 00:00:00",7644,77,294
SP19,G6,P19,"2021-02-03 00:00:00",3360,48,240
SP19,G2,P05,"2021-02-03 00:00:00",1379,246,99
SP22,G2,P16,"2021-02-03 00:00:00",9534,229,382
SP17,G2,P22,"2021-02-03 00:00:00",14448,28,657
SP24,G2,P15,"2021-02-03 00:00:00",3829,432,240
SP03,G4,P09,"2021-02-04 00:00:00",9086,206,758
SP15,G3,P01,"2021-02-04 00:00:00",5803,299,194
SP25,G6,P18,"2021-02-04 00:00:00",182,36,7
SP18,G6,P13,"2021-02-04 00:00:00",9863,21,520
SP06,G4,P09,"2021-02-04 00:00:00",4046,80,289
SP09,G6,P12,"2021-02-04 00:00:00",3493,140,350
SP13,G3,P03,"2021-02-04 00:00:00",392,89,18
SP05,G1,P10,"2021-02-04 00:00:00",2534,19,111
SP22,G6,P13,"2021-02-04 00:00:00",7084,6,308
SP05,G6,P09,"2021-02-04 00:00:00",4809,70,344
SP16,G3,P07,"2021-02-04 00:00:00",7959,273,266
SP15,G3,P08,"2021-02-04 00:00:00",10521,231,527
SP15,G3,P12,"2021-02-04 00:00:00",56,168,5
SP19,G6,P15,"2021-02-04 00:00:00",3017,103,189
SP12,G1,P09,"2021-02-04 00:00:00",18949,300,2707
SP24,G6,P01,"2021-02-04 00:00:00",8764,69,338
SP14,G1,P04,"2021-02-04 00:00:00",12201,103,643
SP20,G2,P10,"2021-02-04 00:00:00",11935,189,460
SP01,G2,P20,"2021-02-04 00:00:00",3724,322,266
SP23,G3,P06,"2021-02-04 00:00:00",2646,70,166
SP03,G1,P14,"2021-02-04 00:00:00",686,18,46
SP12,G5,P20,"2021-02-04 00:00:00",2037,272,128
SP23,G1,P21,"2021-02-04 00:00:00",6300,208,300
SP11,G3,P22,"2021-02-04 00:00:00",2541,14,111
SP04,G1,P04,"2021-02-04 00:00:00",1883,97,118
SP08,G1,P10,"2021-02-04 00:00:00",10255,180,446
SP22,G6,P11,"2021-02-05 00:00:00",5803,98,233
SP09,G1,P02,"2021-02-05 00:00:00",8260,239,1033
SP24,G1,P15,"2021-02-05 00:00:00",14868,5,1859
SP03,G2,P06,"2021-02-05 00:00:00",4137,10,276
SP10,G6,P11,"2021-02-05 00:00:00",7161,480,276
SP24,G2,P07,"2021-02-05 00:00:00",9625,149,332
SP19,G3,P16,"2021-02-05 00:00:00",12852,296,429
SP18,G3,P06,"2021-02-05 00:00:00",7546,365,581
SP19,G2,P06,"2021-02-05 00:00:00",4123,104,275
SP21,G1,P16,"2021-02-05 00:00:00",13174,78,573
SP17,G2,P02,"2021-02-05 00:00:00",7637,161,546
SP18,G2,P15,"2021-02-05 00:00:00",3311,128,332
SP21,G1,P04,"2021-02-05 00:00:00",2338,52,107
SP06,G1,P17,"2021-02-08 00:00:00",3465,228,139
SP17,G5,P22,"2021-02-08 00:00:00",2345,435,107
SP18,G3,P16,"2021-02-08 00:00:00",12698,53,471
SP01,G4,P13,"2021-02-08 00:00:00",6678,24,334
SP12,G3,P15,"2021-02-08 00:00:00",4851,120,324
SP08,G4,P07,"2021-02-08 00:00:00",336,164,12
SP12,G3,P09,"2021-02-08 00:00:00",2366,8,198
SP08,G2,P08,"2021-02-08 00:00:00",10598,226,461
SP01,G1,P20,"2021-02-08 00:00:00",13293,199,665
SP23,G5,P02,"2021-02-08 00:00:00",2086,90,261
SP04,G5,P22,"2021-02-08 00:00:00",2751,133,120
SP02,G3,P10,"2021-02-08 00:00:00",5481,283,275
SP09,G2,P20,"2021-02-08 00:00:00",5628,11,433
SP22,G2,P17,"2021-02-08 00:00:00",2660,113,89
SP20,G1,P03,"2021-02-09 00:00:00",1386,157,82
SP17,G6,P01,"2021-02-09 00:00:00",11060,175,382
SP16,G5,P21,"2021-02-09 00:00:00",2919,147,172
SP25,G3,P08,"2021-02-09 00:00:00",8680,334,457
SP09,G2,P10,"2021-02-09 00:00:00",1484,362,71
SP17,G3,P21,"2021-02-09 00:00:00",16919,199,996
SP21,G5,P11,"2021-02-09 00:00:00",13188,215,440
SP11,G5,P04,"2021-02-09 00:00:00",4998,182,294
SP14,G6,P13,"2021-02-09 00:00:00",6146,64,342
SP19,G1,P01,"2021-02-09 00:00:00",5621,162,217
SP18,G6,P05,"2021-02-09 00:00:00",980,75,47
SP13,G2,P03,"2021-02-10 00:00:00",7343,116,350
SP01,G3,P17,"2021-02-10 00:00:00",1750,9,63
SP05,G1,P06,"2021-02-10 00:00:00",2464,90,165
SP09,G2,P01,"2021-02-10 00:00:00",1974,47,86
SP22,G5,P19,"2021-02-10 00:00:00",11823,52,986
SP15,G4,P13,"2021-02-10 00:00:00",7350,250,335
SP15,G3,P15,"2021-02-10 00:00:00",4165,170,417
SP03,G1,P13,"2021-02-10 00:00:00",630,41,28
SP09,G3,P15,"2021-02-10 00:00:00",2282,238,143
SP17,G3,P12,"2021-02-10 00:00:00",5250,37,292
SP06,G3,P03,"2021-02-10 00:00:00",11676,253,730
SP17,G5,P17,"2021-02-10 00:00:00",14917,289,533
SP22,G3,P18,"2021-02-11 00:00:00",4634,100,155
SP05,G2,P18,"2021-02-11 00:00:00",819,196,27
SP10,G1,P07,"2021-02-11 00:00:00",2422,60,106
SP13,G3,P18,"2021-02-11 00:00:00",1463,158,59
SP15,G3,P18,"2021-02-11 00:00:00",1050,10,32
SP20,G6,P22,"2021-02-11 00:00:00",1526,527,85
SP03,G4,P02,"2021-02-11 00:00:00",427,163,27
SP06,G2,P10,"2021-02-11 00:00:00",10976,132,440
SP04,G4,P05,"2021-02-12 00:00:00",6503,299,407
SP13,G6,P08,"2021-02-12 00:00:00",21,300,1
SP05,G6,P06,"2021-02-12 00:00:00",7063,13,393
SP24,G3,P22,"2021-02-12 00:00:00",3990,50,200
SP14,G4,P19,"2021-02-12 00:00:00",1806,184,129
SP16,G1,P14,"2021-02-12 00:00:00",10136,115,597
SP12,G6,P03,"2021-02-12 00:00:00",1288,119,62
SP20,G3,P14,"2021-02-12 00:00:00",1295,107,87
SP09,G2,P19,"2021-02-12 00:00:00",6461,288,718
SP22,G4,P18,"2021-02-12 00:00:00",4949,31,155
SP18,G4,P12,"2021-02-12 00:00:00",5432,39,302
SP15,G3,P17,"2021-02-12 00:00:00",7112,55,246
SP12,G6,P22,"2021-02-12 00:00:00",266,112,11
SP05,G2,P02,"2021-02-12 00:00:00",6202,44,414
SP22,G4,P11,"2021-02-15 00:00:00",1057,288,43
SP15,G6,P07,"2021-02-15 00:00:00",1925,460,67
SP04,G1,P13,"2021-02-15 00:00:00",1841,185,77
SP07,G3,P10,"2021-02-15 00:00:00",1204,5,61
SP04,G4,P13,"2021-02-15 00:00:00",4074,146,186
SP16,G2,P18,"2021-02-15 00:00:00",4473,39,150
SP16,G6,P15,"2021-02-15 00:00:00",2947,210,246
SP23,G2,P16,"2021-02-15 00:00:00",15386,59,642
SP04,G6,P01,"2021-02-15 00:00:00",4690,229,188
SP24,G2,P14,"2021-02-15 00:00:00",343,158,39
SP14,G3,P05,"2021-02-15 00:00:00",3052,393,146
SP19,G5,P18,"2021-02-15 00:00:00",686,187,25
SP04,G3,P14,"2021-02-15 00:00:00",6993,133,538
SP21,G6,P01,"2021-02-16 00:00:00",5236,170,169
SP06,G1,P10,"2021-02-16 00:00:00",8638,212,333
SP07,G4,P18,"2021-02-16 00:00:00",5712,288,191
SP03,G2,P05,"2021-02-16 00:00:00",6258,334,330
SP04,G2,P19,"2021-02-16 00:00:00",3234,90,294
SP15,G1,P16,"2021-02-16 00:00:00",17577,32,677
SP11,G2,P06,"2021-02-16 00:00:00",12684,217,668
SP05,G1,P08,"2021-02-16 00:00:00",1239,29,54
SP15,G6,P02,"2021-02-16 00:00:00",3402,55,243
SP12,G1,P21,"2021-02-16 00:00:00",11382,432,633
SP18,G1,P01,"2021-02-16 00:00:00",7133,212,265
SP22,G1,P01,"2021-02-17 00:00:00",8309,171,333
SP23,G4,P12,"2021-02-17 00:00:00",1435,3,131
SP02,G3,P06,"2021-02-17 00:00:00",3227,126,216
SP25,G4,P07,"2021-02-17 00:00:00",133,195,6
SP05,G5,P08,"2021-02-17 00:00:00",5446,425,273
SP12,G1,P08,"2021-02-17 00:00:00",4424,91,261
SP22,G6,P01,"2021-02-17 00:00:00",1827,168,80
SP04,G4,P18,"2021-02-17 00:00:00",8232,264,305
SP07,G5,P02,"2021-02-17 00:00:00",861,262,62
SP01,G4,P19,"2021-02-17 00:00:00",8099,178,675
SP17,G5,P20,"2021-02-17 00:00:00",5894,592,281
SP25,G2,P11,"2021-02-17 00:00:00",8211,601,257
SP07,G1,P11,"2021-02-17 00:00:00",10360,206,415
SP14,G6,P01,"2021-02-17 00:00:00",5145,98,166
SP08,G6,P02,"2021-02-17 00:00:00",9163,235,1146
SP17,G1,P14,"2021-02-17 00:00:00",15323,33,1393
SP16,G3,P09,"2021-02-17 00:00:00",7994,177,1000
SP13,G3,P21,"2021-02-17 00:00:00",6363,87,455
SP20,G4,P22,"2021-02-17 00:00:00",3262,185,172
SP05,G5,P07,"2021-02-17 00:00:00",2793,93,127
SP17,G1,P16,"2021-02-18 00:00:00",8491,338,340
SP02,G5,P17,"2021-02-18 00:00:00",13685,39,571
SP21,G3,P14,"2021-02-18 00:00:00",770,137,52
SP25,G3,P02,"2021-02-18 00:00:00",8631,399,1079
SP22,G4,P12,"2021-02-18 00:00:00",4536,120,267
SP17,G6,P08,"2021-02-18 00:00:00",14497,21,605
SP17,G5,P21,"2021-02-18 00:00:00",7672,112,452
SP03,G5,P08,"2021-02-18 00:00:00",10878,329,573
SP02,G5,P02,"2021-02-18 00:00:00",12572,94,1397
SP19,G5,P02,"2021-02-18 00:00:00",1575,90,105
SP02,G3,P18,"2021-02-18 00:00:00",5453,260,166
SP19,G4,P18,"2021-02-18 00:00:00",4802,84,155
SP16,G1,P06,"2021-02-19 00:00:00",7651,325,426
SP18,G1,P09,"2021-02-19 00:00:00",2079,527,260
SP02,G4,P10,"2021-02-19 00:00:00",2100,62,81
SP25,G5,P20,"2021-02-19 00:00:00",5278,242,406
SP01,G2,P10,"2021-02-19 00:00:00",4249,19,164
SP12,G2,P05,"2021-02-19 00:00:00",3976,9,210
SP20,G2,P11,"2021-02-19 00:00:00",6951,183,218
SP25,G6,P10,"2021-02-19 00:00:00",616,161,25
SP09,G6,P13,"2021-02-19 00:00:00",5439,115,287
SP10,G1,P02,"2021-02-19 00:00:00",63,206,7
SP10,G3,P15,"2021-02-19 00:00:00",1533,115,110
SP20,G2,P19,"2021-02-19 00:00:00",3535,337,322
SP13,G3,P10,"2021-02-19 00:00:00",2429,4,111
SP03,G1,P04,"2021-02-19 00:00:00",7119,144,356
SP02,G4,P07,"2021-02-19 00:00:00",3521,304,118
SP08,G2,P11,"2021-02-19 00:00:00",3745,177,118
SP16,G5,P14,"2021-02-19 00:00:00",4816,100,301
SP02,G6,P15,"2021-02-19 00:00:00",1736,72,193
SP17,G5,P19,"2021-02-19 00:00:00",1099,139,92
SP14,G6,P11,"2021-02-19 00:00:00",6692,165,231
SP02,G5,P15,"2021-02-22 00:00:00",364,177,31
SP08,G3,P13,"2021-02-22 00:00:00",10927,202,476
SP12,G4,P13,"2021-02-22 00:00:00",11410,103,476
SP24,G1,P16,"2021-02-22 00:00:00",2443,337,82
SP14,G3,P14,"2021-02-22 00:00:00",329,257,26
SP04,G4,P07,"2021-02-22 00:00:00",3066,144,128
SP19,G4,P15,"2021-02-22 00:00:00",567,243,38
SP14,G4,P20,"2021-02-22 00:00:00",14721,257,1052
SP09,G4,P21,"2021-02-22 00:00:00",6986,11,350
SP06,G2,P13,"2021-02-22 00:00:00",14112,158,784
SP08,G6,P20,"2021-02-22 00:00:00",1771,605,137
SP15,G5,P22,"2021-02-22 00:00:00",5082,164,231
SP12,G3,P03,"2021-02-22 00:00:00",1827,48,102
SP18,G1,P07,"2021-02-22 00:00:00",182,85,7
SP08,G4,P21,"2021-02-22 00:00:00",5369,136,269
SP06,G2,P07,"2021-02-22 00:00:00",6034,169,275
SP09,G3,P05,"2021-02-22 00:00:00",13209,204,881
SP12,G5,P17,"2021-02-22 00:00:00",847,263,30
SP22,G3,P02,"2021-02-22 00:00:00",1015,66,64
SP14,G3,P02,"2021-02-23 00:00:00",16247,215,2031
SP21,G3,P15,"2021-02-23 00:00:00",2422,41,303
SP10,G3,P22,"2021-02-23 00:00:00",3997,333,174
SP24,G2,P03,"2021-02-23 00:00:00",7182,125,479
SP21,G1,P05,"2021-02-23 00:00:00",1246,163,70
SP24,G6,P06,"2021-02-23 00:00:00",553,50,27
SP23,G2,P12,"2021-02-23 00:00:00",2681,206,207
SP20,G5,P15,"2021-02-23 00:00:00",2800,78,234
SP23,G6,P04,"2021-02-23 00:00:00",4851,160,304
SP05,G3,P17,"2021-02-23 00:00:00",168,3,6
SP11,G5,P12,"2021-02-23 00:00:00",315,5,21
SP04,G3,P06,"2021-02-23 00:00:00",11851,58,741
SP14,G4,P07,"2021-02-23 00:00:00",3220,261,147
SP05,G6,P19,"2021-02-23 00:00:00",11935,307,1194
SP03,G3,P22,"2021-02-23 00:00:00",12404,186,478
SP22,G5,P12,"2021-02-24 00:00:00",1519,132,90
SP22,G1,P17,"2021-02-24 00:00:00",10934,182,476
SP25,G6,P22,"2021-02-24 00:00:00",3346,179,129
SP24,G3,P10,"2021-02-24 00:00:00",8351,36,398
SP12,G6,P14,"2021-02-24 00:00:00",11718,76,733
SP17,G3,P10,"2021-02-24 00:00:00",2681,115,117
SP22,G1,P02,"2021-02-24 00:00:00",6188,292,563
SP11,G5,P08,"2021-02-24 00:00:00",10941,182,521
SP11,G3,P01,"2021-02-24 00:00:00",3647,220,141
SP23,G3,P22,"2021-02-25 00:00:00",2436,130,122
SP11,G3,P17,"2021-02-25 00:00:00",896,346,41
SP04,G2,P17,"2021-02-25 00:00:00",3808,17,174
SP04,G3,P05,"2021-02-25 00:00:00",10920,278,683
SP13,G4,P12,"2021-02-25 00:00:00",4186,75,299
SP24,G3,P13,"2021-02-25 00:00:00",6797,72,309
SP24,G5,P10,"2021-02-25 00:00:00",4319,56,155
SP16,G3,P20,"2021-02-25 00:00:00",1673,99,105
SP20,G4,P03,"2021-02-25 00:00:00",735,84,35
SP20,G5,P11,"2021-02-25 00:00:00",2632,39,106
SP04,G4,P09,"2021-02-25 00:00:00",2030,68,170
SP03,G2,P18,"2021-02-25 00:00:00",1169,265,47
SP09,G4,P05,"2021-02-25 00:00:00",3703,54,206
SP01,G6,P14,"2021-02-25 00:00:00",805,48,54
SP23,G6,P20,"2021-02-25 00:00:00",406,260,21
SP20,G5,P09,"2021-02-25 00:00:00",3591,73,360
SP20,G6,P14,"2021-02-25 00:00:00",5551,210,463
SP24,G5,P14,"2021-02-25 00:00:00",3605,347,258
SP09,G3,P03,"2021-02-25 00:00:00",6356,38,374
SP24,G5,P19,"2021-02-25 00:00:00",602,238,41
SP23,G1,P14,"2021-02-26 00:00:00",7042,142,470
SP22,G5,P03,"2021-02-26 00:00:00",2968,215,142
SP10,G1,P22,"2021-02-26 00:00:00",294,80,17
SP05,G4,P11,"2021-02-26 00:00:00",6363,68,213
SP09,G2,P12,"2021-02-26 00:00:00",280,220,18
SP11,G3,P21,"2021-02-26 00:00:00",406,22,29
SP18,G4,P07,"2021-02-26 00:00:00",4144,374,139
SP08,G4,P01,"2021-02-26 00:00:00",5341,179,173
SP17,G5,P12,"2021-02-26 00:00:00",2947,103,197
SP02,G4,P19,"2021-02-26 00:00:00",12026,166,926
SP10,G4,P20,"2021-02-26 00:00:00",3983,237,307
SP04,G1,P14,"2021-02-26 00:00:00",1792,283,163
SP01,G6,P01,"2021-02-26 00:00:00",1526,150,67
SP20,G2,P16,"2021-02-26 00:00:00",5313,70,190
SP08,G6,P11,"2021-02-26 00:00:00",7728,48,242
SP16,G3,P13,"2021-02-26 00:00:00",413,414,22
SP21,G1,P14,"2021-02-26 00:00:00",4431,13,493
SP03,G2,P12,"2021-02-26 00:00:00",1036,240,58
SP21,G2,P09,"2021-02-26 00:00:00",217,147,25
SP15,G1,P19,"2021-02-26 00:00:00",7616,16,693
SP12,G6,P16,"2021-02-26 00:00:00",11900,256,518
SP25,G4,P19,"2021-02-26 00:00:00",10437,350,1044
SP18,G1,P12,"2021-03-01 00:00:00",5691,216,335
SP22,G5,P04,"2021-03-01 00:00:00",5397,66,300
SP08,G2,P16,"2021-03-01 00:00:00",3276,61,143
SP09,G4,P07,"2021-03-01 00:00:00",4102,14,187
SP02,G5,P18,"2021-03-01 00:00:00",476,86,18
SP14,G3,P16,"2021-03-01 00:00:00",4858,138,157
SP09,G3,P08,"2021-03-01 00:00:00",7259,69,404
SP08,G1,P03,"2021-03-02 00:00:00",6209,35,311
SP09,G4,P16,"2021-03-02 00:00:00",12390,269,539
SP20,G6,P21,"2021-03-02 00:00:00",686,103,41
SP18,G4,P01,"2021-03-02 00:00:00",9030,563,312
SP14,G3,P03,"2021-03-02 00:00:00",5376,48,256
SP24,G5,P17,"2021-03-02 00:00:00",2898,17,126
SP01,G2,P03,"2021-03-02 00:00:00",18900,13,945
SP18,G2,P11,"2021-03-02 00:00:00",5082,95,182
SP16,G5,P04,"2021-03-02 00:00:00",2016,177,107
SP10,G2,P20,"2021-03-02 00:00:00",847,145,50
SP10,G4,P15,"2021-03-03 00:00:00",4200,57,350
SP03,G4,P22,"2021-03-03 00:00:00",17577,190,977
SP09,G1,P09,"2021-03-03 00:00:00",861,108,96
SP03,G3,P07,"2021-03-03 00:00:00",3829,434,142
SP01,G6,P18,"2021-03-03 00:00:00",1155,238,37
SP19,G5,P15,"2021-03-03 00:00:00",11123,189,1391
SP22,G4,P15,"2021-03-03 00:00:00",8505,82,532
SP05,G2,P07,"2021-03-03 00:00:00",4130,152,138
SP14,G5,P01,"2021-03-03 00:00:00",420,43,15
SP07,G5,P06,"2021-03-03 00:00:00",994,92,63
SP13,G6,P05,"2021-03-03 00:00:00",3689,364,176
SP16,G2,P06,"2021-03-03 00:00:00",13195,124,880
SP12,G5,P16,"2021-03-04 00:00:00",6545,276,219
SP04,G2,P07,"2021-03-04 00:00:00",9982,399,357
SP21,G6,P13,"2021-03-04 00:00:00",6363,95,398
SP04,G5,P15,"2021-03-04 00:00:00",14336,50,1304
SP24,G1,P10,"2021-03-04 00:00:00",7063,182,253
SP17,G5,P11,"2021-03-04 00:00:00",5551,176,199
SP05,G2,P09,"2021-03-04 00:00:00",448,319,38
SP11,G6,P21,"2021-03-05 00:00:00",9121,66,481
SP04,G3,P09,"2021-03-05 00:00:00",6258,277,626
SP20,G3,P18,"2021-03-05 00:00:00",10752,111,347
SP08,G4,P13,"2021-03-05 00:00:00",12411,100,540
SP11,G5,P18,"2021-03-05 00:00:00",308,74,10
SP25,G2,P12,"2021-03-05 00:00:00",10689,296,764
SP04,G6,P07,"2021-03-05 00:00:00",448,98,16
SP11,G2,P05,"2021-03-05 00:00:00",4410,271,260
SP15,G6,P15,"2021-03-08 00:00:00",6265,501,570
SP05,G3,P21,"2021-03-08 00:00:00",7301,116,366
SP03,G5,P18,"2021-03-08 00:00:00",4802,330,185
SP14,G3,P01,"2021-03-08 00:00:00",1358,99,53
SP21,G2,P02,"2021-03-08 00:00:00",1610,284,147
SP03,G6,P22,"2021-03-08 00:00:00",63,106,3
SP05,G4,P21,"2021-03-08 00:00:00",161,55,8
SP02,G3,P03,"2021-03-08 00:00:00",1246,157,70
SP15,G1,P11,"2021-03-08 00:00:00",49,250,3
SP09,G2,P03,"2021-03-08 00:00:00",4032,150,202
SP18,G3,P09,"2021-03-08 00:00:00",1085,181,181
SP10,G2,P10,"2021-03-08 00:00:00",4347,135,174
SP15,G5,P17,"2021-03-08 00:00:00",7084,193,322
SP13,G3,P04,"2021-03-08 00:00:00",5383,117,300
SP06,G3,P12,"2021-03-08 00:00:00",1351,232,123
SP19,G5,P19,"2021-03-08 00:00:00",3591,455,257
SP13,G3,P12,"2021-03-08 00:00:00",1540,27,154
SP22,G2,P07,"2021-03-08 00:00:00",9884,113,341
SP18,G1,P13,"2021-03-08 00:00:00",9415,296,554
SP02,G5,P07,"2021-03-08 00:00:00",1778,52,66
SP17,G3,P04,"2021-03-08 00:00:00",8120,224,370
SP23,G6,P01,"2021-03-08 00:00:00",2849,128,95
SP13,G5,P13,"2021-03-08 00:00:00",2408,288,115
SP07,G3,P17,"2021-03-08 00:00:00",12075,265,549
SP06,G3,P18,"2021-03-08 00:00:00",2730,120,95
SP19,G6,P04,"2021-03-09 00:00:00",1778,267,112
SP18,G4,P09,"2021-03-09 00:00:00",4725,157,591
SP13,G3,P20,"2021-03-09 00:00:00",6405,40,338
SP03,G6,P08,"2021-03-09 00:00:00",2674,402,122
SP24,G1,P08,"2021-03-09 00:00:00",5908,149,311
SP24,G5,P03,"2021-03-09 00:00:00",7301,39,457
SP24,G2,P10,"2021-03-09 00:00:00",154,101,6
SP12,G2,P09,"2021-03-09 00:00:00",343,103,29
SP03,G4,P19,"2021-03-09 00:00:00",14903,136,1656
SP17,G4,P12,"2021-03-09 00:00:00",5390,482,318
SP09,G5,P03,"2021-03-09 00:00:00",553,105,27
SP23,G6,P10,"2021-03-09 00:00:00",7266,70,346
SP14,G4,P05,"2021-03-09 00:00:00",8792,32,419
SP05,G1,P04,"2021-03-09 00:00:00",8967,154,561
SP24,G1,P13,"2021-03-09 00:00:00",3661,269,167
SP13,G4,P19,"2021-03-10 00:00:00",1344,8,112
SP15,G5,P09,"2021-03-10 00:00:00",10262,168,856
SP03,G1,P05,"2021-03-10 00:00:00",4480,128,264
SP21,G4,P22,"2021-03-10 00:00:00",7784,100,300
SP01,G2,P17,"2021-03-10 00:00:00",19054,178,658
SP17,G4,P08,"2021-03-10 00:00:00",23268,80,1058
SP08,G1,P06,"2021-03-11 00:00:00",3885,242,195
SP17,G6,P06,"2021-03-11 00:00:00",7147,225,477
SP19,G1,P16,"2021-03-11 00:00:00",4571,62,164
SP23,G5,P20,"2021-03-11 00:00:00",7973,80,614
SP07,G6,P01,"2021-03-11 00:00:00",6055,213,202
SP09,G4,P03,"2021-03-11 00:00:00",847,213,43
SP08,G4,P09,"2021-03-11 00:00:00",4914,147,702
SP02,G5,P08,"2021-03-11 00:00:00",1358,204,76
SP01,G4,P17,"2021-03-11 00:00:00",1428,387,50
SP14,G2,P22,"2021-03-11 00:00:00",8764,50,439
SP25,G5,P03,"2021-03-11 00:00:00",10472,107,456
SP22,G6,P10,"2021-03-11 00:00:00",1960,65,70
SP03,G3,P06,"2021-03-11 00:00:00",10171,69,536
SP04,G3,P15,"2021-03-11 00:00:00",8253,13,551
SP01,G1,P16,"2021-03-11 00:00:00",9534,86,367
SP19,G3,P08,"2021-03-11 00:00:00",5936,199,350
SP01,G6,P06,"2021-03-12 00:00:00",154,172,8
SP08,G4,P18,"2021-03-12 00:00:00",5663,155,196
SP09,G6,P15,"2021-03-12 00:00:00",11298,14,1256
SP19,G3,P01,"2021-03-12 00:00:00",1309,237,49
SP03,G6,P06,"2021-03-12 00:00:00",3815,258,212
SP23,G5,P07,"2021-03-12 00:00:00",385,227,16
SP18,G2,P22,"2021-03-12 00:00:00",315,232,15
SP06,G1,P22,"2021-03-12 00:00:00",11823,453,657
SP03,G5,P07,"2021-03-12 00:00:00",2891,205,108
SP22,G6,P05,"2021-03-12 00:00:00",5278,54,264
SP20,G6,P10,"2021-03-12 00:00:00",8036,118,335
SP21,G6,P22,"2021-03-12 00:00:00",2940,142,128
SP02,G1,P22,"2021-03-12 00:00:00",8309,232,333
SP12,G1,P07,"2021-03-12 00:00:00",1820,18,63
SP08,G2,P09,"2021-03-12 00:00:00",1393,153,127
SP02,G4,P18,"2021-03-12 00:00:00",6440,235,215
SP07,G6,P16,"2021-03-12 00:00:00",2275,359,99
SP01,G6,P10,"2021-03-12 00:00:00",3941,209,180
SP23,G6,P19,"2021-03-12 00:00:00",49,78,4
SP18,G2,P03,"2021-03-12 00:00:00",3346,122,168
SP14,G1,P14,"2021-03-15 00:00:00",4592,445,511
SP21,G5,P12,"2021-03-15 00:00:00",8862,152,522
SP22,G4,P06,"2021-03-15 00:00:00",9590,133,640
SP04,G2,P13,"2021-03-15 00:00:00",7175,47,359
SP11,G1,P10,"2021-03-15 00:00:00",2534,119,91
SP02,G1,P06,"2021-03-15 00:00:00",1162,3,62
SP10,G3,P05,"2021-03-15 00:00:00",7042,173,470
SP06,G1,P20,"2021-03-15 00:00:00",7392,111,493
SP24,G3,P05,"2021-03-15 00:00:00",371,191,20
SP23,G4,P06,"2021-03-16 00:00:00",7728,151,368
SP20,G5,P18,"2021-03-16 00:00:00",518,223,21
SP08,G1,P07,"2021-03-16 00:00:00",8547,112,317
SP15,G5,P05,"2021-03-16 00:00:00",4018,34,192
SP21,G4,P17,"2021-03-16 00:00:00",6118,203,266
SP12,G4,P11,"2021-03-16 00:00:00",1582,119,55
SP23,G4,P13,"2021-03-16 00:00:00",3626,309,214
SP18,G3,P11,"2021-03-16 00:00:00",8981,152,360
SP08,G2,P19,"2021-03-16 00:00:00",3304,306,255
SP03,G6,P11,"2021-03-16 00:00:00",6076,74,196
SP04,G1,P15,"2021-03-16 00:00:00",12530,134,964
SP02,G2,P20,"2021-03-16 00:00:00",3675,273,283
SP15,G6,P04,"2021-03-16 00:00:00",434,152,28
SP10,G1,P20,"2021-03-16 00:00:00",5509,16,307
SP01,G1,P21,"2021-03-16 00:00:00",10843,228,517
SP01,G3,P09,"2021-03-16 00:00:00",7623,88,587
SP01,G3,P12,"2021-03-16 00:00:00",7623,152,636
SP01,G3,P10,"2021-03-17 00:00:00",6573,185,313
SP05,G1,P14,"2021-03-17 00:00:00",2520,95,149
SP04,G1,P21,"2021-03-17 00:00:00",910,14,54
SP24,G2,P19,"2021-03-17 00:00:00",5397,8,416
SP16,G3,P16,"2021-03-17 00:00:00",4263,464,158
SP19,G6,P17,"2021-03-17 00:00:00",7637,114,273
SP11,G3,P13,"2021-03-17 00:00:00",15239,156,953
SP23,G2,P08,"2021-03-17 00:00:00",7840,81,392
SP16,G3,P18,"2021-03-17 00:00:00",1302,298,51
SP16,G2,P17,"2021-03-17 00:00:00",3192,459,128
SP23,G4,P16,"2021-03-17 00:00:00",4312,79,188
SP18,G2,P16,"2021-03-17 00:00:00",6258,49,224
SP05,G2,P22,"2021-03-17 00:00:00",7931,257,418
SP19,G3,P22,"2021-03-17 00:00:00",2576,67,129
SP03,G1,P17,"2021-03-17 00:00:00",623,224,22
SP20,G6,P17,"2021-03-17 00:00:00",7567,254,292
SP13,G1,P22,"2021-03-18 00:00:00",6363,179,266
SP02,G3,P22,"2021-03-18 00:00:00",1645,97,75
SP25,G3,P19,"2021-03-18 00:00:00",12740,72,980
SP12,G3,P20,"2021-03-18 00:00:00",6755,504,483
SP15,G1,P12,"2021-03-18 00:00:00",13321,119,833
SP09,G5,P21,"2021-03-18 00:00:00",1078,41,57
SP14,G3,P08,"2021-03-18 00:00:00",13104,77,624
SP07,G3,P18,"2021-03-18 00:00:00",10241,74,366
SP19,G6,P13,"2021-03-19 00:00:00",1904,316,112
SP15,G3,P20,"2021-03-19 00:00:00",4116,89,217
SP09,G3,P10,"2021-03-19 00:00:00",1302,24,55
SP03,G3,P10,"2021-03-19 00:00:00",4606,186,210
SP25,G1,P06,"2021-03-19 00:00:00",8526,153,569
SP19,G3,P17,"2021-03-22 00:00:00",13832,187,577
SP03,G6,P17,"2021-03-22 00:00:00",10962,24,392
SP04,G1,P05,"2021-03-22 00:00:00",5383,212,317
SP25,G5,P15,"2021-03-22 00:00:00",2856,138,179
SP19,G2,P16,"2021-03-22 00:00:00",2954,143,96
SP05,G2,P10,"2021-03-22 00:00:00",14385,230,600
SP10,G6,P06,"2021-03-22 00:00:00",10346,88,647
SP24,G1,P20,"2021-03-22 00:00:00",1568,199,83
SP11,G6,P16,"2021-03-22 00:00:00",3682,152,148
SP02,G1,P11,"2021-03-22 00:00:00",5544,162,185
SP02,G2,P11,"2021-03-22 00:00:00",252,48,10
SP06,G3,P08,"2021-03-22 00:00:00",6230,68,271
SP15,G4,P11,"2021-03-23 00:00:00",3724,37,129
SP02,G4,P12,"2021-03-23 00:00:00",5544,59,427
SP01,G6,P04,"2021-03-23 00:00:00",8624,54,392
SP17,G1,P02,"2021-03-23 00:00:00",4627,135,515
SP01,G5,P12,"2021-03-23 00:00:00",13237,374,1019
SP08,G3,P05,"2021-03-23 00:00:00",3143,298,158
SP22,G3,P16,"2021-03-23 00:00:00",8631,83,376
SP06,G3,P21,"2021-03-23 00:00:00",4886,343,288
SP18,G4,P03,"2021-03-23 00:00:00",5012,71,295
SP20,G2,P05,"2021-03-23 00:00:00",7847,353,462
SP01,G3,P02,"2021-03-24 00:00:00",2709,203,301
SP20,G6,P01,"2021-03-24 00:00:00",8918,295,372
SP02,G6,P17,"2021-03-24 00:00:00",11942,436,543
SP08,G6,P19,"2021-03-24 00:00:00",19173,42,1279
SP16,G1,P17,"2021-03-24 00:00:00",2590,209,87
SP16,G4,P04,"2021-03-24 00:00:00",2555,73,160
SP10,G5,P05,"2021-03-24 00:00:00",861,80,46
SP07,G5,P17,"2021-03-24 00:00:00",11956,282,544
SP07,G4,P19,"2021-03-24 00:00:00",8589,226,661
SP05,G6,P22,"2021-03-24 00:00:00",6496,196,361
SP20,G3,P01,"2021-03-24 00:00:00",5299,203,204
SP13,G6,P21,"2021-03-24 00:00:00",4858,174,324
SP15,G4,P08,"2021-03-24 00:00:00",357,204,19
SP08,G1,P02,"2021-03-24 00:00:00",5264,182,405
SP09,G5,P10,"2021-03-24 00:00:00",7896,83,304
SP05,G2,P15,"2021-03-24 00:00:00",9548,173,796
SP08,G5,P04,"2021-03-24 00:00:00",3024,240,178
SP17,G4,P01,"2021-03-24 00:00:00",12257,365,409
SP05,G3,P01,"2021-03-24 00:00:00",5327,2,184
SP18,G6,P11,"2021-03-24 00:00:00",784,208,33
SP08,G6,P13,"2021-03-25 00:00:00",5824,248,278
SP25,G4,P22,"2021-03-25 00:00:00",11354,119,494
SP11,G3,P15,"2021-03-25 00:00:00",7245,185,725
SP16,G4,P12,"2021-03-25 00:00:00",2870,480,160
SP25,G4,P09,"2021-03-25 00:00:00",721,191,91
SP04,G2,P01,"2021-03-25 00:00:00",1274,197,42
SP15,G6,P03,"2021-03-25 00:00:00",12187,266,717
SP19,G4,P05,"2021-03-25 00:00:00",17969,77,899
SP19,G5,P17,"2021-03-25 00:00:00",2471,174,103
SP13,G6,P13,"2021-03-25 00:00:00",2296,52,100
SP21,G4,P03,"2021-03-25 00:00:00",10801,35,636
SP01,G5,P07,"2021-03-25 00:00:00",3031,49,117
SP01,G2,P12,"2021-03-25 00:00:00",112,252,11
SP03,G5,P17,"2021-03-25 00:00:00",329,130,14
SP03,G4,P12,"2021-03-25 00:00:00",9590,154,600
SP09,G3,P07,"2021-03-25 00:00:00",3220,209,115
SP04,G1,P11,"2021-03-25 00:00:00",9660,106,358
SP08,G1,P14,"2021-03-25 00:00:00",9737,184,886
SP05,G6,P15,"2021-03-25 00:00:00",3899,199,488
SP10,G6,P18,"2021-03-26 00:00:00",1477,58,48
SP15,G5,P10,"2021-03-26 00:00:00",4242,324,152
SP25,G2,P19,"2021-03-26 00:00:00",8946,163,895
SP25,G1,P09,"2021-03-26 00:00:00",14504,150,1813
SP15,G4,P18,"2021-03-26 00:00:00",6433,130,202
SP06,G3,P11,"2021-03-26 00:00:00",9261,143,343
SP20,G4,P13,"2021-03-26 00:00:00",756,71,38
SP03,G2,P15,"2021-03-26 00:00:00",4018,10,447
SP12,G5,P08,"2021-03-26 00:00:00",168,281,9
SP03,G3,P17,"2021-03-26 00:00:00",4004,16,149
SP13,G5,P08,"2021-03-26 00:00:00",6272,133,299
SP08,G1,P19,"2021-03-26 00:00:00",5215,87,348
SP03,G4,P10,"2021-03-26 00:00:00",3094,21,148
SP21,G5,P08,"2021-03-26 00:00:00",9324,171,583
SP23,G6,P16,"2021-03-26 00:00:00",20447,78,758
SP07,G1,P15,"2021-03-26 00:00:00",14189,19,1183
SP13,G1,P20,"2021-03-26 00:00:00",6503,231,434
SP06,G2,P12,"2021-03-26 00:00:00",2212,24,202
SP11,G4,P21,"2021-03-26 00:00:00",2975,45,142
SP14,G2,P14,"2021-03-29 00:00:00",4788,217,342
SP13,G2,P14,"2021-03-29 00:00:00",9604,201,565
SP21,G4,P07,"2021-03-29 00:00:00",616,181,24
SP20,G2,P02,"2021-03-29 00:00:00",7644,4,695
SP07,G1,P02,"2021-03-29 00:00:00",4193,153,263
SP18,G5,P05,"2021-03-29 00:00:00",6132,183,307
SP20,G4,P20,"2021-03-29 00:00:00",7896,302,376
SP22,G4,P16,"2021-03-29 00:00:00",2576,332,96
SP13,G1,P04,"2021-03-29 00:00:00",2821,197,157
SP07,G5,P11,"2021-03-29 00:00:00",12103,88,485
SP02,G3,P20,"2021-03-29 00:00:00",5271,330,377
SP12,G2,P15,"2021-03-29 00:00:00",5117,66,512
SP08,G6,P09,"2021-03-30 00:00:00",4767,232,434
SP04,G1,P17,"2021-03-30 00:00:00",20076,29,670
SP25,G4,P06,"2021-03-30 00:00:00",2583,206,185
SP20,G4,P09,"2021-03-30 00:00:00",14210,39,2030
SP01,G3,P15,"2021-03-30 00:00:00",4403,25,315
SP03,G5,P10,"2021-03-30 00:00:00",12985,279,619
SP14,G3,P13,"2021-03-30 00:00:00",1358,63,68
SP01,G1,P15,"2021-03-30 00:00:00",203,330,19
SP06,G5,P06,"2021-03-30 00:00:00",1281,275,99
SP22,G5,P16,"2021-03-30 00:00:00",13475,119,539
SP19,G6,P14,"2021-03-30 00:00:00",1547,200,119
SP04,G1,P03,"2021-03-31 00:00:00",6013,217,317
SP20,G5,P19,"2021-03-31 00:00:00",10703,21,1071
SP10,G3,P11,"2021-03-31 00:00:00",7630,236,306
SP21,G2,P06,"2021-03-31 00:00:00",5369,251,384
SP03,G5,P21,"2021-03-31 00:00:00",7917,115,360
SP02,G5,P06,"2021-03-31 00:00:00",259,116,17
SP10,G2,P16,"2021-04-01 00:00:00",3115,22,112
SP14,G6,P06,"2021-04-01 00:00:00",10731,117,537
SP18,G6,P06,"2021-04-01 00:00:00",2352,21,181
SP03,G2,P08,"2021-04-01 00:00:00",5138,51,303
SP17,G1,P09,"2021-04-01 00:00:00",1428,194,102
SP07,G5,P13,"2021-04-01 00:00:00",3598,17,157
SP04,G5,P06,"2021-04-01 00:00:00",10528,21,555
SP15,G3,P11,"2021-04-02 00:00:00",2100,242,70
SP21,G1,P01,"2021-04-02 00:00:00",6797,218,262
SP14,G2,P17,"2021-04-02 00:00:00",6202,52,249
SP05,G5,P01,"2021-04-02 00:00:00",8001,4,348
SP08,G2,P05,"2021-04-02 00:00:00",13832,294,814
SP13,G2,P19,"2021-04-02 00:00:00",1568,181,121
SP13,G6,P07,"2021-04-02 00:00:00",3129,127,112
SP05,G5,P11,"2021-04-02 00:00:00",6944,2,278
SP14,G6,P16,"2021-04-02 00:00:00",7672,17,265
SP08,G6,P08,"2021-04-02 00:00:00",4137,200,197
SP14,G2,P03,"2021-04-02 00:00:00",1365,155,72
SP12,G4,P04,"2021-04-02 00:00:00",7238,381,453
SP14,G4,P03,"2021-04-02 00:00:00",10500,355,457
SP18,G2,P20,"2021-04-02 00:00:00",6790,129,453
SP14,G1,P19,"2021-04-02 00:00:00",7203,63,515
SP22,G1,P15,"2021-04-02 00:00:00",6202,86,443
SP02,G2,P14,"2021-04-05 00:00:00",8351,1,696
SP24,G1,P19,"2021-04-05 00:00:00",980,437,109
SP11,G5,P13,"2021-04-05 00:00:00",12908,182,562
SP09,G3,P19,"2021-04-05 00:00:00",4473,302,320
SP04,G1,P18,"2021-04-06 00:00:00",3066,155,93
SP16,G1,P07,"2021-04-06 00:00:00",4053,329,177
SP04,G6,P08,"2021-04-06 00:00:00",3024,155,152
SP13,G5,P16,"2021-04-07 00:00:00",2100,147,68
SP20,G5,P10,"2021-04-07 00:00:00",2555,156,112
SP09,G6,P16,"2021-04-07 00:00:00",6559,208,243
SP19,G3,P06,"2021-04-07 00:00:00",8176,183,390
SP04,G6,P03,"2021-04-07 00:00:00",17675,197,884
SP18,G5,P15,"2021-04-07 00:00:00",11004,175,1223
SP25,G4,P01,"2021-04-07 00:00:00",2233,292,77
SP05,G2,P01,"2021-04-07 00:00:00",16359,14,712
SP06,G6,P19,"2021-04-07 00:00:00",3192,21,228
SP14,G3,P06,"2021-04-07 00:00:00",5313,275,380
SP19,G3,P04,"2021-04-07 00:00:00",1841,223,97
SP02,G6,P10,"2021-04-07 00:00:00",9884,13,396
SP04,G4,P14,"2021-04-07 00:00:00",3066,268,205
SP09,G3,P18,"2021-04-07 00:00:00",11207,254,362
SP11,G1,P02,"2021-04-07 00:00:00",6321,86,452
SP10,G1,P09,"2021-04-07 00:00:00",5299,62,663
SP02,G5,P21,"2021-04-08 00:00:00",11578,63,552
SP25,G1,P08,"2021-04-08 00:00:00",4298,201,239
SP16,G5,P15,"2021-04-08 00:00:00",9548,17,682
SP10,G4,P10,"2021-04-08 00:00:00",5663,25,236
SP10,G6,P10,"2021-04-08 00:00:00",329,260,15
SP10,G4,P05,"2021-04-08 00:00:00",9275,165,489
SP12,G5,P11,"2021-04-08 00:00:00",77,133,3
SP10,G1,P04,"2021-04-08 00:00:00",4256,110,224
SP23,G6,P03,"2021-04-09 00:00:00",4018,413,237
SP15,G6,P05,"2021-04-09 00:00:00",6699,138,479
SP24,G2,P13,"2021-04-09 00:00:00",4571,17,241
SP05,G5,P13,"2021-04-09 00:00:00",4193,79,200
SP18,G2,P09,"2021-04-09 00:00:00",392,175,28
SP11,G6,P03,"2021-04-09 00:00:00",3192,18,146
SP05,G3,P22,"2021-04-09 00:00:00",154,48,7
SP06,G6,P07,"2021-04-09 00:00:00",5502,112,212
SP14,G6,P09,"2021-04-09 00:00:00",4389,365,439
SP08,G5,P08,"2021-04-09 00:00:00",12215,120,764
SP13,G6,P09,"2021-04-09 00:00:00",1960,50,140
SP23,G1,P12,"2021-04-09 00:00:00",994,389,77
SP19,G4,P10,"2021-04-09 00:00:00",3731,41,150
SP22,G2,P22,"2021-04-12 00:00:00",11851,45,456
SP18,G4,P18,"2021-04-12 00:00:00",7798,77,289
SP10,G4,P08,"2021-04-12 00:00:00",658,82,32
SP18,G1,P15,"2021-04-12 00:00:00",18963,191,1355
SP10,G1,P08,"2021-04-12 00:00:00",574,383,34
SP12,G3,P18,"2021-04-12 00:00:00",763,47,28
SP16,G3,P02,"2021-04-12 00:00:00",1295,218,108
SP12,G2,P10,"2021-04-12 00:00:00",1281,349,61
SP19,G3,P15,"2021-04-12 00:00:00",6657,364,606
SP16,G3,P05,"2021-04-12 00:00:00",1533,129,110
SP21,G6,P08,"2021-04-12 00:00:00",2534,36,121
SP23,G2,P14,"2021-04-12 00:00:00",3808,74,224
SP09,G4,P08,"2021-04-12 00:00:00",7637,90,425
SP12,G3,P02,"2021-04-13 00:00:00",5397,37,416
SP01,G5,P16,"2021-04-13 00:00:00",5649,97,202
SP20,G3,P07,"2021-04-13 00:00:00",2996,136,116
SP04,G5,P16,"2021-04-13 00:00:00",2247,351,87
SP09,G2,P09,"2021-04-13 00:00:00",1092,136,84
SP13,G1,P05,"2021-04-13 00:00:00",4368,23,292
SP01,G3,P14,"2021-04-13 00:00:00",868,90,87
SP07,G2,P01,"2021-04-13 00:00:00",8729,35,364
SP13,G2,P08,"2021-04-13 00:00:00",2065,17,130
SP07,G4,P08,"2021-04-13 00:00:00",6293,48,274
SP05,G4,P19,"2021-04-13 00:00:00",7602,247,761
SP16,G3,P03,"2021-04-13 00:00:00",10150,223,598
SP10,G6,P03,"2021-04-13 00:00:00",11081,311,739
SP14,G2,P04,"2021-04-13 00:00:00",588,41,27
SP22,G6,P19,"2021-04-13 00:00:00",3710,129,413
SP24,G4,P04,"2021-04-14 00:00:00",371,121,27
SP21,G4,P13,"2021-04-14 00:00:00",2254,69,119
SP12,G5,P22,"2021-04-14 00:00:00",2345,70,112
SP01,G5,P02,"2021-04-14 00:00:00",18473,6,2053
SP04,G2,P16,"2021-04-14 00:00:00",1680,26,58
SP17,G2,P13,"2021-04-14 00:00:00",4508,16,215
SP02,G5,P04,"2021-04-15 00:00:00",8463,284,385
SP19,G1,P15,"2021-04-15 00:00:00",931,269,117
SP13,G3,P06,"2021-04-15 00:00:00",12460,197,623
SP02,G5,P01,"2021-04-15 00:00:00",868,78,37
SP21,G6,P18,"2021-04-15 00:00:00",301,117,13
SP10,G1,P15,"2021-04-15 00:00:00",434,116,37
SP17,G6,P22,"2021-04-15 00:00:00",2058,2,115
SP25,G3,P14,"2021-04-15 00:00:00",9597,167,873
SP16,G1,P03,"2021-04-16 00:00:00",13314,198,784
SP21,G6,P15,"2021-04-16 00:00:00",630,106,70
SP04,G2,P04,"2021-04-16 00:00:00",8918,31,446
SP15,G1,P18,"2021-04-16 00:00:00",7133,446,223
SP23,G5,P12,"2021-04-16 00:00:00",1638,106,97
SP16,G1,P02,"2021-04-16 00:00:00",8253,262,551
SP02,G1,P01,"2021-04-16 00:00:00",5950,30,192
SP13,G4,P02,"2021-04-16 00:00:00",7000,5,875
SP15,G3,P16,"2021-04-16 00:00:00",2030,162,89
SP23,G1,P03,"2021-04-16 00:00:00",8337,306,439
SP03,G1,P01,"2021-04-16 00:00:00",1876,171,79
SP09,G3,P06,"2021-04-16 00:00:00",9352,293,446
SP02,G1,P02,"2021-04-16 00:00:00",5621,154,625
SP03,G1,P09,"2021-04-16 00:00:00",6062,12,674
SP17,G2,P04,"2021-04-16 00:00:00",5054,154,266
SP10,G2,P11,"2021-04-16 00:00:00",7581,239,237
SP13,G2,P10,"2021-04-16 00:00:00",7763,125,353
SP14,G5,P14,"2021-04-16 00:00:00",9387,181,626
SP01,G3,P13,"2021-04-16 00:00:00",966,163,57
SP12,G1,P03,"2021-04-16 00:00:00",5278,27,278
SP19,G4,P14,"2021-04-16 00:00:00",18354,275,1669
SP16,G1,P10,"2021-04-16 00:00:00",1330,161,61
SP24,G3,P06,"2021-04-16 00:00:00",1155,91,83
SP17,G2,P09,"2021-04-16 00:00:00",4669,101,667
SP08,G3,P12,"2021-04-16 00:00:00",4676,25,293
SP11,G2,P11,"2021-04-16 00:00:00",602,19,21
SP22,G5,P08,"2021-04-19 00:00:00",13090,133,770
SP15,G5,P07,"2021-04-19 00:00:00",11928,159,459
SP09,G5,P11,"2021-04-19 00:00:00",4634,244,145
SP02,G6,P20,"2021-04-19 00:00:00",5292,72,252
SP19,G6,P22,"2021-04-19 00:00:00",9065,56,378
SP04,G6,P10,"2021-04-19 00:00:00",12299,338,560
SP11,G4,P18,"2021-04-19 00:00:00",6818,172,273
SP02,G4,P20,"2021-04-19 00:00:00",3773,81,252
SP13,G6,P02,"2021-04-19 00:00:00",5138,82,367
SP09,G5,P20,"2021-04-19 00:00:00",4557,20,269
SP01,G5,P03,"2021-04-19 00:00:00",2751,128,138
SP18,G5,P19,"2021-04-19 00:00:00",10906,8,779
SP20,G2,P21,"2021-04-19 00:00:00",5621,7,256
SP13,G2,P13,"2021-04-20 00:00:00",2471,64,155
SP05,G2,P14,"2021-04-20 00:00:00",6139,9,410
SP12,G2,P07,"2021-04-20 00:00:00",2807,151,128
SP18,G5,P04,"2021-04-20 00:00:00",8169,142,454
SP13,G5,P05,"2021-04-20 00:00:00",8785,280,586
SP01,G4,P22,"2021-04-20 00:00:00",5628,33,256
SP11,G2,P14,"2021-04-20 00:00:00",1302,7,77
SP18,G5,P22,"2021-04-20 00:00:00",9282,188,387
SP04,G2,P18,"2021-04-20 00:00:00",4046,96,162
SP22,G3,P07,"2021-04-20 00:00:00",10605,169,442
SP06,G1,P02,"2021-04-20 00:00:00",5929,25,539
SP08,G3,P18,"2021-04-20 00:00:00",2611,175,105
SP03,G1,P15,"2021-04-20 00:00:00",7686,51,769
SP07,G2,P14,"2021-04-20 00:00:00",2786,98,164
SP22,G1,P19,"2021-04-20 00:00:00",4123,247,516
SP17,G6,P21,"2021-04-20 00:00:00",1477,111,78
SP05,G6,P17,"2021-04-20 00:00:00",12040,255,416
SP13,G6,P12,"2021-04-20 00:00:00",4340,277,310
SP15,G4,P21,"2021-04-20 00:00:00",2639,526,126
SP14,G4,P09,"2021-04-21 00:00:00",7931,377,1322
SP13,G4,P07,"2021-04-21 00:00:00",1078,298,45
SP19,G5,P13,"2021-04-21 00:00:00",8680,429,362
SP18,G4,P08,"2021-04-21 00:00:00",8967,15,427
SP14,G2,P11,"2021-04-21 00:00:00",12075,258,465
SP05,G6,P12,"2021-04-21 00:00:00",4396,68,294
SP11,G4,P16,"2021-04-21 00:00:00",2877,84,96
SP14,G4,P04,"2021-04-21 00:00:00",1659,291,104
SP16,G5,P19,"2021-04-21 00:00:00",616,30,42
SP08,G6,P03,"2021-04-21 00:00:00",7021,124,469
SP23,G2,P19,"2021-04-21 00:00:00",3255,119,296
SP20,G3,P15,"2021-04-21 00:00:00",5516,269,613
SP22,G6,P14,"2021-04-21 00:00:00",18039,148,1289
SP11,G6,P18,"2021-04-21 00:00:00",12593,254,394
SP18,G4,P16,"2021-04-21 00:00:00",1981,28,67
SP05,G2,P04,"2021-04-21 00:00:00",6552,112,410
SP08,G2,P04,"2021-04-21 00:00:00",10682,213,629
SP16,G6,P19,"2021-04-21 00:00:00",11046,156,789
SP22,G2,P05,"2021-04-21 00:00:00",4263,140,225
SP01,G6,P09,"2021-04-21 00:00:00",5558,440,464
SP23,G3,P18,"2021-04-22 00:00:00",4214,155,128
SP09,G1,P13,"2021-04-22 00:00:00",7301,46,406
SP04,G3,P19,"2021-04-22 00:00:00",4473,179,373
SP10,G4,P11,"2021-04-22 00:00:00",11081,349,462
SP24,G4,P05,"2021-04-22 00:00:00",1120,274,75
SP18,G3,P08,"2021-04-22 00:00:00",10297,48,430
SP20,G6,P02,"2021-04-22 00:00:00",1869,343,234
SP10,G1,P13,"2021-04-22 00:00:00",12229,182,644
SP16,G2,P04,"2021-04-22 00:00:00",7707,173,482
SP02,G2,P18,"2021-04-22 00:00:00",1351,150,55
SP12,G1,P16,"2021-04-22 00:00:00",7035,185,252
SP01,G4,P07,"2021-04-22 00:00:00",3178,323,114
SP10,G4,P19,"2021-04-22 00:00:00",3668,336,408
SP07,G3,P09,"2021-04-22 00:00:00",15295,160,1700
SP18,G2,P18,"2021-04-22 00:00:00",9667,227,323
SP20,G5,P03,"2021-04-22 00:00:00",7308,171,488
SP07,G2,P04,"2021-04-22 00:00:00",6888,18,328
SP23,G1,P08,"2021-04-22 00:00:00",1085,183,46
SP13,G4,P22,"2021-04-22 00:00:00",3549,492,148
SP15,G4,P09,"2021-04-23 00:00:00",245,365,21
SP04,G5,P21,"2021-04-23 00:00:00",525,166,24
SP25,G4,P18,"2021-04-23 00:00:00",9373,200,313
SP02,G2,P08,"2021-04-23 00:00:00",3822,155,225
SP14,G1,P05,"2021-04-23 00:00:00",4326,123,206
SP21,G5,P06,"2021-04-23 00:00:00",427,428,23
SP20,G3,P03,"2021-04-23 00:00:00",12236,61,816
SP05,G4,P13,"2021-04-23 00:00:00",4655,124,259
SP11,G4,P08,"2021-04-23 00:00:00",1246,359,78
SP07,G4,P17,"2021-04-23 00:00:00",11291,206,452
SP05,G1,P02,"2021-04-26 00:00:00",5530,45,395
SP03,G3,P14,"2021-04-26 00:00:00",7658,233,851
SP17,G2,P05,"2021-04-26 00:00:00",1204,199,67
SP21,G3,P16,"2021-04-26 00:00:00",7238,19,250
SP03,G5,P11,"2021-04-26 00:00:00",2359,284,91
SP16,G2,P05,"2021-04-26 00:00:00",4676,96,234
SP19,G2,P21,"2021-04-26 00:00:00",4893,229,233
SP12,G6,P21,"2021-04-26 00:00:00",5152,133,258
SP09,G5,P18,"2021-04-27 00:00:00",3808,376,142
SP09,G3,P22,"2021-04-27 00:00:00",6538,182,273
SP14,G6,P14,"2021-04-27 00:00:00",3486,295,249
SP01,G5,P11,"2021-04-27 00:00:00",4865,94,174
SP23,G6,P14,"2021-04-27 00:00:00",4606,74,384
SP22,G4,P17,"2021-04-27 00:00:00",35,380,2
SP03,G6,P20,"2021-04-27 00:00:00",6069,304,304
SP01,G1,P17,"2021-04-27 00:00:00",21,117,1
SP05,G4,P01,"2021-04-27 00:00:00",8071,16,299
SP11,G2,P19,"2021-04-27 00:00:00",2716,267,194
SP15,G1,P09,"2021-04-27 00:00:00",7574,136,842
SP20,G6,P05,"2021-04-27 00:00:00",931,48,52
SP21,G4,P04,"2021-04-27 00:00:00",9499,141,500
SP23,G1,P09,"2021-04-27 00:00:00",350,167,25
SP01,G6,P03,"2021-04-27 00:00:00",371,437,20
SP12,G6,P17,"2021-04-27 00:00:00",10367,156,432
SP09,G3,P13,"2021-04-27 00:00:00",9597,129,600
SP17,G5,P08,"2021-04-27 00:00:00",2443,379,102
SP04,G6,P18,"2021-04-27 00:00:00",3556,75,123
SP17,G4,P07,"2021-04-27 00:00:00",2457,261,82
SP04,G6,P14,"2021-04-27 00:00:00",16170,71,952
SP05,G4,P10,"2021-04-27 00:00:00",8456,178,302
SP08,G4,P05,"2021-04-27 00:00:00",28,147,2
SP02,G2,P13,"2021-04-27 00:00:00",10794,118,450
SP18,G4,P21,"2021-04-27 00:00:00",7539,10,444
SP01,G6,P17,"2021-04-28 00:00:00",2982,102,120
SP18,G2,P05,"2021-04-28 00:00:00",6237,73,347
SP12,G3,P14,"2021-04-28 00:00:00",11564,28,1285
SP15,G4,P05,"2021-04-28 00:00:00",105,73,7
SP03,G1,P16,"2021-04-29 00:00:00",10402,33,417
SP12,G5,P12,"2021-04-29 00:00:00",20993,411,1235
SP07,G6,P08,"2021-04-29 00:00:00",7658,190,383
SP25,G3,P05,"2021-04-29 00:00:00",1981,235,105
SP25,G3,P09,"2021-04-29 00:00:00",4816,64,402
SP09,G1,P22,"2021-04-29 00:00:00",3661,287,147
SP09,G1,P10,"2021-04-29 00:00:00",2688,580,128
SP01,G5,P18,"2021-04-29 00:00:00",2534,159,80
SP08,G6,P05,"2021-04-29 00:00:00",1820,81,91
SP13,G2,P21,"2021-04-29 00:00:00",5432,107,388
SP15,G2,P08,"2021-04-30 00:00:00",7189,117,400
SP13,G4,P01,"2021-04-30 00:00:00",6188,18,207
SP06,G2,P17,"2021-04-30 00:00:00",3283,260,150
SP21,G3,P02,"2021-04-30 00:00:00",6524,275,502
SP07,G5,P18,"2021-04-30 00:00:00",5180,32,192
SP09,G5,P15,"2021-04-30 00:00:00",12838,241,803
SP02,G4,P01,"2021-04-30 00:00:00",4648,114,194
SP08,G5,P22,"2021-04-30 00:00:00",3031,263,127
SP01,G5,P20,"2021-04-30 00:00:00",10990,152,785
SP09,G4,P12,"2021-04-30 00:00:00",1078,470,72
SP09,G3,P14,"2021-04-30 00:00:00",8218,114,822
SP22,G2,P15,"2021-04-30 00:00:00",10381,16,944
SP03,G5,P01,"2021-04-30 00:00:00",1085,196,41
SP03,G5,P15,"2021-04-30 00:00:00",3052,22,191
SP10,G5,P01,"2021-05-03 00:00:00",4214,148,151
SP11,G5,P19,"2021-05-03 00:00:00",3178,42,245
SP13,G5,P19,"2021-05-03 00:00:00",3066,194,384
SP19,G1,P12,"2021-05-03 00:00:00",9485,99,949
SP12,G3,P04,"2021-05-03 00:00:00",3955,2,264
SP24,G6,P03,"2021-05-03 00:00:00",6538,69,312
SP07,G4,P01,"2021-05-03 00:00:00",10178,9,329
SP18,G2,P17,"2021-05-03 00:00:00",7882,197,359
SP06,G5,P05,"2021-05-03 00:00:00",5943,285,372
SP06,G6,P02,"2021-05-03 00:00:00",4088,319,256
SP07,G1,P10,"2021-05-03 00:00:00",749,266,28
SP23,G1,P01,"2021-05-03 00:00:00",13958,185,451
SP07,G1,P03,"2021-05-03 00:00:00",5901,385,296
SP25,G4,P02,"2021-05-03 00:00:00",6342,64,793
SP15,G2,P14,"2021-05-03 00:00:00",315,335,19
SP03,G3,P15,"2021-05-03 00:00:00",147,84,14
SP15,G2,P11,"2021-05-03 00:00:00",10213,217,365
SP19,G2,P13,"2021-05-03 00:00:00",8484,398,386
SP07,G3,P06,"2021-05-03 00:00:00",532,78,26
SP18,G6,P04,"2021-05-03 00:00:00",8785,155,550
SP05,G1,P20,"2021-05-03 00:00:00",8001,203,572
SP21,G1,P09,"2021-05-03 00:00:00",364,234,37
SP02,G1,P12,"2021-05-03 00:00:00",2331,158,138
SP19,G2,P02,"2021-05-03 00:00:00",7665,93,480
SP24,G5,P20,"2021-05-03 00:00:00",2905,341,224
SP24,G6,P13,"2021-05-03 00:00:00",6230,426,260
SP02,G4,P02,"2021-05-03 00:00:00",2758,51,345
SP01,G1,P19,"2021-05-03 00:00:00",2352,136,181
SP02,G6,P16,"2021-05-03 00:00:00",2779,53,93
SP05,G4,P18,"2021-05-03 00:00:00",7,551,1
SP10,G5,P07,"2021-05-04 00:00:00",3213,142,111
SP20,G4,P04,"2021-05-04 00:00:00",9275,3,489
SP05,G4,P04,"2021-05-04 00:00:00",4368,87,199
SP17,G4,P10,"2021-05-04 00:00:00",10633,14,409
SP08,G1,P04,"2021-05-04 00:00:00",11319,66,708
SP03,G3,P20,"2021-05-04 00:00:00",8799,126,518
SP18,G2,P10,"2021-05-04 00:00:00",2695,49,104
SP02,G6,P14,"2021-05-04 00:00:00",245,224,25
SP21,G4,P15,"2021-05-04 00:00:00",3647,85,406
SP02,G1,P18,"2021-05-04 00:00:00",6412,31,257
SP11,G4,P22,"2021-05-04 00:00:00",2905,149,112
SP02,G3,P11,"2021-05-04 00:00:00",13650,235,427
SP07,G1,P21,"2021-05-04 00:00:00",623,9,37
SP02,G3,P19,"2021-05-04 00:00:00",5131,196,514
SP02,G4,P09,"2021-05-04 00:00:00",8722,146,970
SP22,G6,P15,"2021-05-05 00:00:00",1211,53,87
SP13,G5,P02,"2021-05-05 00:00:00",2002,378,126
SP05,G1,P12,"2021-05-05 00:00:00",2100,37,175
SP02,G2,P15,"2021-05-05 00:00:00",2765,147,231
SP20,G1,P16,"2021-05-05 00:00:00",9198,133,318
SP25,G6,P03,"2021-05-05 00:00:00",5852,18,391
SP23,G1,P10,"2021-05-05 00:00:00",17892,181,746
SP12,G6,P07,"2021-05-05 00:00:00",5117,44,223
SP14,G5,P03,"2021-05-05 00:00:00",3024,153,144
SP17,G4,P20,"2021-05-05 00:00:00",3479,274,174
SP11,G2,P13,"2021-05-05 00:00:00",1554,167,74
SP23,G2,P03,"2021-05-05 00:00:00",2884,2,145
SP18,G5,P20,"2021-05-05 00:00:00",4774,344,299
SP12,G4,P12,"2021-05-05 00:00:00",3556,7,238
SP03,G1,P02,"2021-05-05 00:00:00",7742,66,484
SP04,G2,P12,"2021-05-05 00:00:00",917,32,51
SP11,G4,P06,"2021-05-06 00:00:00",8176,332,546
SP10,G6,P12,"2021-05-06 00:00:00",14357,215,1026
SP06,G1,P07,"2021-05-06 00:00:00",4669,55,187
SP01,G2,P18,"2021-05-06 00:00:00",13608,39,504
SP06,G2,P06,"2021-05-06 00:00:00",2933,273,140
SP15,G2,P03,"2021-05-06 00:00:00",7056,146,471
SP23,G5,P03,"2021-05-06 00:00:00",10024,32,627
SP03,G1,P11,"2021-05-06 00:00:00",4438,212,154
SP09,G6,P02,"2021-05-07 00:00:00",14413,94,1602
SP19,G4,P07,"2021-05-07 00:00:00",4305,226,160
SP14,G4,P02,"2021-05-07 00:00:00",1729,108,133
SP09,G6,P08,"2021-05-07 00:00:00",91,177,5
SP05,G3,P12,"2021-05-07 00:00:00",637,37,49
SP21,G2,P14,"2021-05-07 00:00:00",10178,205,727
SP12,G5,P09,"2021-05-07 00:00:00",1358,90,170
SP08,G6,P01,"2021-05-07 00:00:00",3423,92,111
SP19,G5,P05,"2021-05-07 00:00:00",4291,469,253
SP05,G3,P04,"2021-05-07 00:00:00",4970,295,332
SP25,G3,P11,"2021-05-07 00:00:00",6874,438,265
SP21,G5,P07,"2021-05-07 00:00:00",4550,65,198
SP19,G4,P20,"2021-05-07 00:00:00",1652,61,92
SP24,G4,P14,"2021-05-07 00:00:00",1946,190,163
SP22,G6,P03,"2021-05-07 00:00:00",8407,73,526
SP01,G6,P13,"2021-05-07 00:00:00",2422,208,143
SP25,G2,P01,"2021-05-07 00:00:00",4788,62,178
SP02,G5,P05,"2021-05-07 00:00:00",294,354,17
SP12,G6,P06,"2021-05-10 00:00:00",5453,172,390
SP15,G3,P22,"2021-05-10 00:00:00",7378,121,352
SP13,G5,P14,"2021-05-10 00:00:00",10710,56,670
SP15,G3,P03,"2021-05-10 00:00:00",2807,172,156
SP25,G2,P09,"2021-05-10 00:00:00",9044,64,754
SP25,G6,P01,"2021-05-10 00:00:00",5446,34,195
SP21,G3,P05,"2021-05-10 00:00:00",16065,98,1236
SP11,G3,P03,"2021-05-10 00:00:00",3682,288,168
SP21,G6,P06,"2021-05-10 00:00:00",2548,25,142
SP09,G4,P17,"2021-05-10 00:00:00",3052,179,114
SP02,G1,P15,"2021-05-10 00:00:00",623,8,52
SP23,G4,P19,"2021-05-10 00:00:00",3738,37,468
SP25,G5,P17,"2021-05-11 00:00:00",1750,49,65
SP21,G3,P12,"2021-05-11 00:00:00",4053,57,226
SP25,G5,P18,"2021-05-11 00:00:00",2702,12,82
SP08,G6,P14,"2021-05-11 00:00:00",7987,85,888
SP12,G4,P07,"2021-05-11 00:00:00",1148,4,48
SP11,G2,P01,"2021-05-12 00:00:00",4186,143,140
SP23,G6,P06,"2021-05-12 00:00:00",5229,26,276
SP23,G1,P18,"2021-05-12 00:00:00",6146,395,212
SP19,G1,P13,"2021-05-12 00:00:00",11102,251,505
SP17,G4,P03,"2021-05-12 00:00:00",15603,135,1041
SP17,G4,P06,"2021-05-12 00:00:00",2758,177,138
SP15,G5,P14,"2021-05-12 00:00:00",7420,234,619
SP06,G6,P08,"2021-05-12 00:00:00",2345,118,107
SP06,G1,P19,"2021-05-12 00:00:00",12362,201,1546
SP05,G3,P20,"2021-05-12 00:00:00",420,203,33
SP03,G1,P22,"2021-05-13 00:00:00",6440,458,293
SP04,G5,P14,"2021-05-13 00:00:00",11613,32,726
SP16,G4,P22,"2021-05-13 00:00:00",14910,260,785
SP15,G5,P04,"2021-05-13 00:00:00",455,180,23
SP14,G3,P15,"2021-05-13 00:00:00",784,287,56
SP19,G3,P14,"2021-05-14 00:00:00",2597,81,200
SP23,G4,P11,"2021-05-14 00:00:00",4543,323,157
SP19,G2,P09,"2021-05-14 00:00:00",4452,42,636
SP21,G5,P04,"2021-05-14 00:00:00",5544,392,370
SP15,G6,P09,"2021-05-14 00:00:00",5215,206,580
SP25,G4,P12,"2021-05-14 00:00:00",3052,123,306
SP11,G5,P07,"2021-05-14 00:00:00",19579,327,676
SP14,G3,P22,"2021-05-14 00:00:00",217,139,10
SP23,G5,P09,"2021-05-14 00:00:00",3080,216,237
SP19,G2,P14,"2021-05-14 00:00:00",3934,114,303
SP16,G6,P16,"2021-05-14 00:00:00",2506,48,97
SP06,G2,P05,"2021-05-14 00:00:00",5782,231,413
SP01,G5,P09,"2021-05-14 00:00:00",9016,169,752
SP23,G1,P06,"2021-05-14 00:00:00",1638,238,82
SP10,G1,P17,"2021-05-14 00:00:00",5950,130,213
SP07,G1,P09,"2021-05-14 00:00:00",3948,263,439
SP18,G1,P16,"2021-05-17 00:00:00",5278,44,182
SP19,G5,P22,"2021-05-17 00:00:00",5026,33,240
SP20,G5,P22,"2021-05-17 00:00:00",5208,249,248
SP12,G4,P20,"2021-05-17 00:00:00",5593,9,431
SP18,G1,P08,"2021-05-17 00:00:00",3689,150,168
SP01,G2,P04,"2021-05-17 00:00:00",9170,64,437
SP25,G3,P04,"2021-05-17 00:00:00",3094,195,172
SP06,G5,P16,"2021-05-17 00:00:00",7777,77,289
SP03,G2,P13,"2021-05-17 00:00:00",11109,133,505
SP23,G4,P02,"2021-05-17 00:00:00",4158,58,297
SP02,G4,P16,"2021-05-17 00:00:00",9863,92,395
SP22,G3,P09,"2021-05-17 00:00:00",3101,249,259
SP22,G2,P20,"2021-05-17 00:00:00",3864,36,298
SP03,G3,P11,"2021-05-17 00:00:00",8428,162,291
SP10,G6,P15,"2021-05-17 00:00:00",14574,248,1122
SP09,G1,P04,"2021-05-17 00:00:00",7315,127,431
SP13,G6,P16,"2021-05-18 00:00:00",7805,74,279
SP25,G3,P12,"2021-05-18 00:00:00",2324,230,146
SP11,G6,P22,"2021-05-18 00:00:00",2499,24,132
SP21,G5,P14,"2021-05-18 00:00:00",5285,24,441
SP06,G2,P15,"2021-05-18 00:00:00",1925,92,129
SP15,G6,P19,"2021-05-18 00:00:00",13286,166,886
SP05,G3,P13,"2021-05-18 00:00:00",1659,89,104
SP24,G2,P21,"2021-05-18 00:00:00",168,166,11
SP20,G4,P11,"2021-05-18 00:00:00",6020,11,215
SP01,G1,P12,"2021-05-18 00:00:00",2219,150,222
SP21,G2,P01,"2021-05-18 00:00:00",12740,68,411
SP01,G3,P16,"2021-05-18 00:00:00",11018,69,441
SP03,G5,P19,"2021-05-18 00:00:00",5040,144,336
SP02,G1,P03,"2021-05-19 00:00:00",10220,71,445
SP10,G3,P03,"2021-05-19 00:00:00",8995,238,450
SP16,G6,P10,"2021-05-19 00:00:00",3738,12,187
SP19,G4,P17,"2021-05-19 00:00:00",7749,186,259
SP08,G5,P16,"2021-05-19 00:00:00",868,351,33
SP08,G6,P18,"2021-05-19 00:00:00",2338,183,74
SP07,G5,P12,"2021-05-19 00:00:00",12754,151,751
SP05,G2,P11,"2021-05-19 00:00:00",15148,5,489
SP20,G3,P13,"2021-05-19 00:00:00",1666,12,98
SP08,G3,P15,"2021-05-19 00:00:00",595,43,55
SP12,G5,P18,"2021-05-19 00:00:00",10486,175,328
SP16,G3,P14,"2021-05-19 00:00:00",6860,132,490
SP14,G6,P19,"2021-05-19 00:00:00",9639,130,964
SP06,G3,P16,"2021-05-19 00:00:00",4557,9,176
SP17,G1,P20,"2021-05-19 00:00:00",9786,251,576
SP19,G1,P02,"2021-05-19 00:00:00",3948,137,359
SP13,G6,P14,"2021-05-19 00:00:00",4893,253,377
SP25,G4,P08,"2021-05-20 00:00:00",7441,74,414
SP20,G5,P14,"2021-05-20 00:00:00",9079,167,535
SP06,G5,P11,"2021-05-21 00:00:00",3962,198,133
SP14,G1,P08,"2021-05-21 00:00:00",6111,57,382
SP01,G2,P07,"2021-05-21 00:00:00",1414,122,49
SP02,G3,P12,"2021-05-21 00:00:00",812,20,51
SP25,G5,P08,"2021-05-21 00:00:00",7084,4,394
SP23,G5,P18,"2021-05-21 00:00:00",18942,357,702
SP06,G4,P05,"2021-05-21 00:00:00",7154,124,421
SP23,G1,P02,"2021-05-21 00:00:00",1225,131,103
SP15,G4,P15,"2021-05-21 00:00:00",8211,136,747
SP08,G5,P05,"2021-05-21 00:00:00",10465,185,524
SP05,G2,P12,"2021-05-21 00:00:00",6181,334,619
SP08,G2,P02,"2021-05-21 00:00:00",2695,232,193
SP06,G1,P09,"2021-05-21 00:00:00",17451,135,2909
SP09,G6,P06,"2021-05-21 00:00:00",6790,131,425
SP14,G5,P10,"2021-05-24 00:00:00",9226,541,330
SP20,G2,P14,"2021-05-24 00:00:00",9884,104,899
SP10,G6,P20,"2021-05-24 00:00:00",2821,70,202
SP03,G4,P15,"2021-05-24 00:00:00",665,243,84
SP12,G2,P19,"2021-05-24 00:00:00",8526,209,609
SP24,G6,P19,"2021-05-24 00:00:00",9436,247,787
SP21,G2,P10,"2021-05-24 00:00:00",217,81,11
SP07,G4,P02,"2021-05-24 00:00:00",4865,46,487
SP20,G4,P05,"2021-05-24 00:00:00",10451,105,551
SP06,G3,P01,"2021-05-24 00:00:00",9093,28,304
SP21,G5,P02,"2021-05-24 00:00:00",1638,282,103
SP02,G3,P01,"2021-05-24 00:00:00",8610,47,278
SP01,G3,P06,"2021-05-24 00:00:00",1351,58,72
SP05,G1,P03,"2021-05-24 00:00:00",11102,50,505
SP16,G1,P19,"2021-05-24 00:00:00",4711,29,429
SP06,G5,P13,"2021-05-24 00:00:00",903,49,43
SP06,G3,P05,"2021-05-24 00:00:00",1295,112,81
SP24,G6,P11,"2021-05-24 00:00:00",14574,118,561
SP12,G1,P15,"2021-05-24 00:00:00",3318,34,277
SP20,G3,P12,"2021-05-24 00:00:00",3262,487,297
SP02,G2,P05,"2021-05-24 00:00:00",1036,59,55
SP12,G1,P04,"2021-05-24 00:00:00",5285,213,378
SP04,G2,P02,"2021-05-24 00:00:00",2667,428,267
SP24,G2,P22,"2021-05-24 00:00:00",6097,84,244
SP03,G2,P02,"2021-05-24 00:00:00",11550,93,770
SP15,G2,P09,"2021-05-24 00:00:00",1589,62,159
SP06,G2,P14,"2021-05-25 00:00:00",4375,11,274
SP12,G3,P12,"2021-05-25 00:00:00",7966,123,725
SP10,G1,P03,"2021-05-25 00:00:00",10829,86,516
SP25,G2,P02,"2021-05-25 00:00:00",22652,46,2060
SP12,G4,P16,"2021-05-25 00:00:00",5257,95,182
SP23,G3,P04,"2021-05-25 00:00:00",5817,396,277
SP12,G2,P20,"2021-05-25 00:00:00",987,427,52
SP07,G1,P17,"2021-05-25 00:00:00",2723,21,101
SP10,G5,P20,"2021-05-25 00:00:00",6944,178,366
SP19,G2,P17,"2021-05-25 00:00:00",7896,435,329
SP09,G6,P22,"2021-05-25 00:00:00",13573,88,543
SP16,G2,P11,"2021-05-25 00:00:00",9856,12,329
SP19,G6,P05,"2021-05-25 00:00:00",14938,261,879
SP01,G1,P01,"2021-05-25 00:00:00",1358,268,60
SP09,G1,P15,"2021-05-25 00:00:00",3696,118,247
SP12,G1,P02,"2021-05-25 00:00:00",2737,193,343
SP24,G6,P18,"2021-05-25 00:00:00",6797,27,252
SP17,G3,P02,"2021-05-25 00:00:00",2527,30,158
SP22,G4,P10,"2021-05-25 00:00:00",392,43,20
SP02,G3,P16,"2021-05-25 00:00:00",126,242,6
SP12,G3,P05,"2021-05-25 00:00:00",11522,235,721
SP19,G3,P20,"2021-05-26 00:00:00",8498,182,532
SP18,G3,P22,"2021-05-26 00:00:00",1113,33,53
SP15,G1,P10,"2021-05-26 00:00:00",5614,223,216
SP18,G1,P17,"2021-05-26 00:00:00",4410,156,153
SP07,G2,P16,"2021-05-26 00:00:00",9163,151,340
SP20,G2,P18,"2021-05-27 00:00:00",2590,202,84
SP25,G2,P13,"2021-05-27 00:00:00",3745,127,198
SP10,G5,P16,"2021-05-27 00:00:00",8337,14,288
SP24,G5,P09,"2021-05-27 00:00:00",4522,42,566
SP02,G6,P07,"2021-05-27 00:00:00",2625,580,120
SP05,G3,P18,"2021-05-28 00:00:00",441,171,16
SP23,G5,P17,"2021-05-28 00:00:00",3311,92,128
SP24,G3,P16,"2021-05-28 00:00:00",6650,22,266
SP25,G1,P15,"2021-05-28 00:00:00",3871,503,352
SP17,G2,P15,"2021-05-28 00:00:00",637,61,49
SP07,G1,P05,"2021-05-28 00:00:00",10696,47,823
SP25,G4,P16,"2021-05-28 00:00:00",8701,12,349
SP17,G1,P06,"2021-05-28 00:00:00",2590,120,162
SP08,G5,P11,"2021-05-28 00:00:00",10850,226,402
SP08,G3,P21,"2021-05-28 00:00:00",2870,290,152
SP12,G4,P22,"2021-05-28 00:00:00",13650,256,719
SP17,G4,P11,"2021-05-28 00:00:00",12425,230,429
SP15,G1,P01,"2021-05-31 00:00:00",2114,80,89
SP05,G2,P16,"2021-05-31 00:00:00",3290,16,118
SP13,G2,P05,"2021-05-31 00:00:00",1463,51,77
SP04,G5,P10,"2021-05-31 00:00:00",9436,64,350
SP16,G6,P18,"2021-05-31 00:00:00",8162,69,327
SP17,G3,P17,"2021-05-31 00:00:00",9310,351,333
SP10,G2,P04,"2021-05-31 00:00:00",8155,17,389
SP17,G5,P03,"2021-05-31 00:00:00",7588,68,330
SP06,G3,P06,"2021-05-31 00:00:00",4879,50,244
SP23,G5,P04,"2021-05-31 00:00:00",602,118,28
SP22,G2,P02,"2021-05-31 00:00:00",2037,61,136
SP15,G6,P01,"2021-05-31 00:00:00",15400,387,497
SP17,G4,P13,"2021-05-31 00:00:00",2961,12,175
SP01,G6,P16,"2021-05-31 00:00:00",1225,29,41
SP01,G3,P05,"2021-05-31 00:00:00",6930,254,330
SP11,G3,P11,"2021-05-31 00:00:00",12684,297,453
SP13,G1,P07,"2021-05-31 00:00:00",8512,549,294
SP24,G4,P12,"2021-05-31 00:00:00",9646,178,877
SP11,G4,P19,"2021-05-31 00:00:00",5586,76,430
SP18,G5,P03,"2021-05-31 00:00:00",3528,267,221
SP02,G4,P14,"2021-05-31 00:00:00",3143,109,225
SP10,G4,P17,"2021-06-01 00:00:00",9135,194,398
SP03,G6,P15,"2021-06-01 00:00:00",1218,315,153
SP03,G6,P18,"2021-06-01 00:00:00",4760,138,145
SP13,G4,P03,"2021-06-01 00:00:00",8582,290,477
SP19,G1,P09,"2021-06-01 00:00:00",2401,109,185
SP07,G3,P03,"2021-06-01 00:00:00",11886,415,566
SP05,G6,P04,"2021-06-01 00:00:00",8582,45,391
SP01,G1,P04,"2021-06-01 00:00:00",6825,4,402
SP06,G6,P10,"2021-06-01 00:00:00",3661,13,167
SP23,G3,P01,"2021-06-01 00:00:00",10248,65,380
SP17,G2,P17,"2021-06-01 00:00:00",9996,441,385
SP08,G5,P21,"2021-06-02 00:00:00",13545,293,903
SP06,G4,P02,"2021-06-02 00:00:00",1386,347,99
SP05,G3,P03,"2021-06-02 00:00:00",5481,142,289
SP11,G1,P15,"2021-06-02 00:00:00",10031,5,912
SP01,G6,P15,"2021-06-02 00:00:00",3493,3,437
SP11,G5,P09,"2021-06-02 00:00:00",4081,717,511
SP24,G5,P07,"2021-06-02 00:00:00",511,88,18
SP03,G2,P22,"2021-06-02 00:00:00",6909,382,315
SP17,G5,P16,"2021-06-02 00:00:00",9814,138,317
SP25,G2,P20,"2021-06-02 00:00:00",6454,47,497
SP24,G2,P12,"2021-06-02 00:00:00",10668,49,889
SP21,G3,P19,"2021-06-02 00:00:00",14868,291,1062
SP13,G1,P11,"2021-06-02 00:00:00",3878,50,144
SP03,G4,P21,"2021-06-03 00:00:00",8505,74,387
SP04,G6,P21,"2021-06-03 00:00:00",126,83,9
SP05,G5,P12,"2021-06-03 00:00:00",10570,82,814
SP18,G6,P21,"2021-06-03 00:00:00",1225,159,59
SP12,G4,P08,"2021-06-03 00:00:00",3199,89,160
SP04,G2,P15,"2021-06-03 00:00:00",441,9,37
SP22,G1,P16,"2021-06-03 00:00:00",9009,83,392
SP23,G4,P18,"2021-06-03 00:00:00",7595,349,238
SP04,G4,P12,"2021-06-03 00:00:00",378,182,30
SP08,G4,P11,"2021-06-03 00:00:00",1344,110,56
SP22,G3,P01,"2021-06-03 00:00:00",5264,594,211
SP08,G4,P12,"2021-06-03 00:00:00",6748,57,450
SP20,G1,P13,"2021-06-03 00:00:00",2128,248,97
SP20,G4,P21,"2021-06-03 00:00:00",7987,140,470
SP03,G5,P22,"2021-06-03 00:00:00",13601,78,567
SP07,G5,P03,"2021-06-03 00:00:00",7154,162,398
SP14,G3,P11,"2021-06-03 00:00:00",2583,353,93
SP17,G5,P09,"2021-06-03 00:00:00",532,324,67
SP17,G3,P19,"2021-06-04 00:00:00",2548,170,182
SP02,G2,P16,"2021-06-04 00:00:00",1092,394,36
SP03,G2,P19,"2021-06-04 00:00:00",4011,351,287
SP05,G1,P21,"2021-06-04 00:00:00",3766,2,180
SP22,G6,P12,"2021-06-04 00:00:00",6405,6,458
SP24,G1,P05,"2021-06-04 00:00:00",4487,201,321
SP10,G4,P01,"2021-06-04 00:00:00",5439,244,227
SP06,G3,P17,"2021-06-04 00:00:00",8603,47,297
SP19,G3,P18,"2021-06-04 00:00:00",6454,25,259
SP09,G1,P11,"2021-06-07 00:00:00",14966,79,483
SP15,G6,P22,"2021-06-07 00:00:00",2044,188,86
SP18,G6,P18,"2021-06-07 00:00:00",11186,2,350
SP25,G1,P19,"2021-06-07 00:00:00",3906,347,489
SP25,G2,P15,"2021-06-07 00:00:00",5705,58,519
SP20,G3,P05,"2021-06-07 00:00:00",2674,333,149
SP07,G2,P03,"2021-06-07 00:00:00",4221,2,184
SP01,G1,P06,"2021-06-08 00:00:00",8988,112,450
SP07,G2,P17,"2021-06-08 00:00:00",5355,114,185
SP02,G5,P11,"2021-06-08 00:00:00",2569,401,86
SP19,G6,P01,"2021-06-08 00:00:00",1897,118,64
SP16,G4,P05,"2021-06-08 00:00:00",1666,195,112
SP18,G4,P19,"2021-06-08 00:00:00",14182,56,1773
SP04,G2,P05,"2021-06-08 00:00:00",14798,260,740
SP18,G5,P18,"2021-06-09 00:00:00",819,277,28
SP09,G4,P04,"2021-06-09 00:00:00",7252,5,363
SP22,G1,P06,"2021-06-09 00:00:00",3332,13,159
SP03,G3,P08,"2021-06-09 00:00:00",7525,60,397
SP17,G2,P07,"2021-06-09 00:00:00",4893,218,164
SP12,G2,P22,"2021-06-09 00:00:00",3444,116,133
SP13,G1,P01,"2021-06-09 00:00:00",2156,34,87
SP05,G5,P19,"2021-06-09 00:00:00",1596,176,200
SP09,G5,P05,"2021-06-10 00:00:00",8834,149,631
SP24,G1,P12,"2021-06-10 00:00:00",3948,172,329
SP11,G4,P15,"2021-06-10 00:00:00",3605,172,241
SP23,G1,P05,"2021-06-11 00:00:00",1876,193,118
SP19,G6,P11,"2021-06-11 00:00:00",1302,19,45
SP18,G4,P11,"2021-06-11 00:00:00",616,3,21
SP13,G5,P17,"2021-06-11 00:00:00",4935,141,183
SP18,G3,P13,"2021-06-11 00:00:00",5887,51,310
SP05,G1,P19,"2021-06-11 00:00:00",1785,181,149
SP16,G6,P06,"2021-06-11 00:00:00",4816,153,322
SP17,G6,P05,"2021-06-11 00:00:00",504,266,24
SP18,G5,P16,"2021-06-11 00:00:00",973,258,39
SP18,G4,P17,"2021-06-11 00:00:00",8330,320,379
SP07,G3,P01,"2021-06-11 00:00:00",5502,18,240
SP04,G5,P17,"2021-06-14 00:00:00",6202,75,222
SP19,G1,P18,"2021-06-14 00:00:00",6118,129,236
SP10,G2,P06,"2021-06-14 00:00:00",1771,255,111
SP22,G5,P15,"2021-06-14 00:00:00",4494,297,300
SP04,G3,P21,"2021-06-14 00:00:00",1057,226,76
SP08,G3,P14,"2021-06-14 00:00:00",13286,55,1477
SP15,G5,P01,"2021-06-14 00:00:00",4760,249,154
SP22,G6,P02,"2021-06-14 00:00:00",3010,372,377
SP15,G2,P01,"2021-06-14 00:00:00",7448,183,266
SP08,G2,P18,"2021-06-14 00:00:00",1617,57,49
SP19,G3,P07,"2021-06-14 00:00:00",840,2,35
SP08,G2,P03,"2021-06-14 00:00:00",7042,294,441
SP01,G5,P08,"2021-06-15 00:00:00",9247,527,487
SP03,G3,P01,"2021-06-15 00:00:00",1799,76,60
SP11,G4,P12,"2021-06-15 00:00:00",644,135,38
SP11,G4,P02,"2021-06-16 00:00:00",11172,109,1397
SP11,G3,P19,"2021-06-16 00:00:00",9191,240,766
SP24,G3,P21,"2021-06-16 00:00:00",14889,132,828
SP16,G5,P18,"2021-06-16 00:00:00",5670,57,189
SP24,G3,P09,"2021-06-16 00:00:00",693,3,58
SP23,G3,P17,"2021-06-16 00:00:00",12642,19,575
SP18,G2,P07,"2021-06-16 00:00:00",8414,257,312
SP14,G3,P09,"2021-06-16 00:00:00",15162,2,1896
SP09,G2,P14,"2021-06-16 00:00:00",9135,35,762
SP25,G6,P07,"2021-06-16 00:00:00",4375,90,146
SP14,G2,P08,"2021-06-17 00:00:00",3493,7,146
SP16,G6,P03,"2021-06-17 00:00:00",3157,47,186
SP25,G2,P18,"2021-06-17 00:00:00",9884,163,300
SP23,G5,P21,"2021-06-17 00:00:00",8029,35,473
SP08,G5,P10,"2021-06-17 00:00:00",2002,96,72
SP11,G6,P06,"2021-06-17 00:00:00",8589,54,537
SP01,G5,P05,"2021-06-17 00:00:00",1554,49,120
SP20,G3,P02,"2021-06-17 00:00:00",8792,378,677
SP23,G5,P05,"2021-06-17 00:00:00",2415,25,128
SP24,G1,P06,"2021-06-17 00:00:00",266,101,16
SP15,G1,P05,"2021-06-17 00:00:00",3381,186,226
SP06,G3,P19,"2021-06-17 00:00:00",1505,33,116
SP03,G6,P16,"2021-06-17 00:00:00",1708,81,61
SP23,G2,P11,"2021-06-17 00:00:00",3857,89,155
SP25,G4,P21,"2021-06-17 00:00:00",1141,249,58
SP21,G5,P21,"2021-06-17 00:00:00",11844,132,790
SP09,G5,P22,"2021-06-17 00:00:00",7294,174,348
SP19,G5,P10,"2021-06-17 00:00:00",5516,228,205
SP02,G2,P09,"2021-06-18 00:00:00",3598,34,450
SP04,G5,P19,"2021-06-18 00:00:00",4795,76,320
SP21,G2,P11,"2021-06-18 00:00:00",6657,296,222
SP20,G6,P03,"2021-06-18 00:00:00",8071,37,367
SP22,G6,P17,"2021-06-18 00:00:00",16548,246,613
SP08,G6,P17,"2021-06-18 00:00:00",1393,207,61
SP08,G1,P15,"2021-06-18 00:00:00",3731,155,249
SP24,G4,P01,"2021-06-18 00:00:00",7322,232,293
SP23,G2,P04,"2021-06-18 00:00:00",3367,164,154
SP18,G4,P04,"2021-06-18 00:00:00",3752,252,188
SP07,G6,P13,"2021-06-18 00:00:00",3080,141,182
SP22,G2,P11,"2021-06-18 00:00:00",9534,103,318
SP03,G6,P10,"2021-06-18 00:00:00",5166,150,216
SP14,G1,P20,"2021-06-18 00:00:00",4018,229,237
SP01,G3,P08,"2021-06-18 00:00:00",5376,69,336
SP17,G3,P22,"2021-06-18 00:00:00",2884,101,138
SP25,G4,P17,"2021-06-18 00:00:00",7588,72,253
SP11,G1,P08,"2021-06-18 00:00:00",12341,303,561
SP05,G5,P09,"2021-06-18 00:00:00",7392,53,822
SP15,G4,P03,"2021-06-21 00:00:00",9247,204,421
SP15,G1,P17,"2021-06-21 00:00:00",14035,66,540
SP07,G6,P02,"2021-06-21 00:00:00",1890,20,146
SP13,G4,P11,"2021-06-21 00:00:00",3738,98,134
SP09,G5,P02,"2021-06-22 00:00:00",2940,46,294
SP25,G3,P06,"2021-06-22 00:00:00",5145,325,396
SP06,G6,P09,"2021-06-22 00:00:00",3031,316,337
SP10,G4,P16,"2021-06-22 00:00:00",2317,82,101
SP25,G2,P22,"2021-06-22 00:00:00",5327,168,214
SP25,G2,P05,"2021-06-22 00:00:00",7301,288,457
SP14,G5,P22,"2021-06-22 00:00:00",12880,195,644
SP17,G6,P07,"2021-06-22 00:00:00",11221,2,511
SP25,G1,P11,"2021-06-23 00:00:00",4599,50,184
SP20,G2,P17,"2021-06-23 00:00:00",1981,208,77
SP23,G2,P22,"2021-06-23 00:00:00",784,510,33
SP02,G6,P03,"2021-06-23 00:00:00",3171,40,151
SP15,G3,P19,"2021-06-23 00:00:00",6853,147,762
SP21,G5,P10,"2021-06-24 00:00:00",4648,147,194
SP09,G1,P20,"2021-06-24 00:00:00",10493,20,656
SP02,G4,P17,"2021-06-24 00:00:00",1456,49,54
SP24,G2,P18,"2021-06-24 00:00:00",9296,341,345
SP17,G1,P15,"2021-06-24 00:00:00",9723,122,973
SP16,G5,P17,"2021-06-24 00:00:00",483,595,20
SP17,G1,P19,"2021-06-24 00:00:00",1869,46,144
SP02,G1,P09,"2021-06-24 00:00:00",6951,290,696
SP19,G6,P21,"2021-06-24 00:00:00",4466,279,236
SP09,G6,P03,"2021-06-24 00:00:00",3199,98,178
SP05,G2,P08,"2021-06-24 00:00:00",11270,179,537
SP12,G6,P12,"2021-06-24 00:00:00",11641,244,728
SP23,G6,P17,"2021-06-24 00:00:00",11809,217,473
SP16,G4,P08,"2021-06-24 00:00:00",22484,38,978
SP20,G4,P02,"2021-06-24 00:00:00",4130,33,276
SP21,G3,P13,"2021-06-24 00:00:00",14420,163,721
SP16,G3,P10,"2021-06-24 00:00:00",3220,12,135
SP05,G6,P07,"2021-06-25 00:00:00",6293,248,243
SP07,G4,P12,"2021-06-25 00:00:00",15365,338,1281
SP24,G6,P22,"2021-06-25 00:00:00",8897,131,495
SP23,G4,P14,"2021-06-25 00:00:00",5215,437,348
SP20,G5,P04,"2021-06-25 00:00:00",12180,68,609
SP23,G2,P10,"2021-06-25 00:00:00",6741,87,281
SP09,G3,P01,"2021-06-25 00:00:00",2856,197,99
SP15,G2,P13,"2021-06-25 00:00:00",2758,5,163
SP09,G4,P19,"2021-06-25 00:00:00",9660,29,805
SP04,G4,P11,"2021-06-25 00:00:00",49,445,2
SP20,G2,P01,"2021-06-25 00:00:00",6258,338,202
SP09,G1,P01,"2021-06-25 00:00:00",28,274,2
SP04,G3,P20,"2021-06-25 00:00:00",4452,309,212
SP02,G5,P10,"2021-06-25 00:00:00",2716,240,105
SP18,G6,P10,"2021-06-25 00:00:00",12495,23,481
SP01,G3,P18,"2021-06-25 00:00:00",9737,212,296
SP22,G5,P02,"2021-06-25 00:00:00",3241,232,325
SP10,G2,P03,"2021-06-25 00:00:00",9716,33,608
SP13,G3,P13,"2021-06-25 00:00:00",6461,178,404
SP17,G5,P18,"2021-06-25 00:00:00",420,52,14
SP07,G4,P06,"2021-06-25 00:00:00",3906,170,279
SP21,G3,P01,"2021-06-28 00:00:00",3129,177,126
SP08,G2,P13,"2021-06-28 00:00:00",2604,368,114
SP03,G6,P09,"2021-06-28 00:00:00",2009,265,144
SP10,G2,P17,"2021-06-28 00:00:00",3339,92,129
SP24,G5,P05,"2021-06-28 00:00:00",3871,107,204
SP05,G5,P22,"2021-06-28 00:00:00",1120,301,44
SP10,G2,P22,"2021-06-28 00:00:00",4529,109,227
SP10,G1,P19,"2021-06-28 00:00:00",3115,22,284
SP18,G4,P13,"2021-06-28 00:00:00",6111,115,322
SP06,G2,P03,"2021-06-28 00:00:00",7476,232,440
SP19,G3,P05,"2021-06-28 00:00:00",1925,256,92
SP10,G2,P07,"2021-06-28 00:00:00",4760,157,207
SP22,G6,P21,"2021-06-28 00:00:00",17724,63,1182
SP06,G1,P05,"2021-06-28 00:00:00",3731,89,220
SP09,G5,P19,"2021-06-28 00:00:00",7574,99,583
SP07,G5,P14,"2021-06-28 00:00:00",4137,34,345
SP09,G1,P17,"2021-06-28 00:00:00",13076,120,436
SP17,G3,P05,"2021-06-29 00:00:00",4403,66,339
SP21,G3,P22,"2021-06-29 00:00:00",2478,396,108
SP04,G2,P22,"2021-06-29 00:00:00",2016,26,96
SP17,G2,P19,"2021-06-29 00:00:00",1799,262,129
SP20,G2,P12,"2021-06-29 00:00:00",6685,277,372
SP06,G6,P13,"2021-06-29 00:00:00",5257,225,277
SP12,G5,P06,"2021-06-29 00:00:00",2408,232,172
SP11,G6,P04,"2021-06-29 00:00:00",5096,92,243
SP10,G2,P15,"2021-06-29 00:00:00",9772,116,815
SP24,G2,P02,"2021-06-29 00:00:00",8071,78,539
SP06,G3,P20,"2021-06-30 00:00:00",4984,543,333
SP18,G6,P20,"2021-06-30 00:00:00",8134,299,543
SP24,G2,P01,"2021-06-30 00:00:00",861,57,30
SP14,G4,P10,"2021-06-30 00:00:00",8694,17,396
SP07,G6,P18,"2021-06-30 00:00:00",2576,139,84
SP24,G6,P04,"2021-07-01 00:00:00",1519,214,73
SP09,G3,P21,"2021-07-01 00:00:00",7476,152,534
SP12,G2,P18,"2021-07-01 00:00:00",8155,84,272
SP15,G5,P02,"2021-07-01 00:00:00",1995,212,167
SP15,G2,P20,"2021-07-01 00:00:00",3535,22,169
SP18,G4,P05,"2021-07-01 00:00:00",5033,142,360
SP18,G2,P19,"2021-07-01 00:00:00",5068,35,461
SP11,G4,P14,"2021-07-02 00:00:00",399,117,37
SP21,G6,P17,"2021-07-02 00:00:00",1246,235,43
SP16,G1,P18,"2021-07-02 00:00:00",3423,464,127
SP03,G2,P09,"2021-07-02 00:00:00",2632,150,329
SP01,G5,P13,"2021-07-02 00:00:00",5474,83,274
SP15,G3,P02,"2021-07-02 00:00:00",84,204,9
SP17,G2,P18,"2021-07-02 00:00:00",4228,26,157
SP23,G4,P10,"2021-07-02 00:00:00",5418,253,258
SP03,G6,P03,"2021-07-02 00:00:00",2373,252,132
SP06,G3,P02,"2021-07-02 00:00:00",8659,245,963
SP09,G6,P21,"2021-07-02 00:00:00",11361,43,758
SP18,G4,P10,"2021-07-02 00:00:00",462,312,21
SP07,G6,P06,"2021-07-02 00:00:00",3668,96,175
SP12,G4,P17,"2021-07-02 00:00:00",2534,17,102
SP04,G6,P06,"2021-07-05 00:00:00",5838,290,325
SP19,G6,P07,"2021-07-05 00:00:00",8036,50,366
SP20,G5,P06,"2021-07-05 00:00:00",3311,215,195
SP24,G1,P18,"2021-07-05 00:00:00",21,128,1
SP20,G5,P13,"2021-07-05 00:00:00",6979,36,349
SP03,G3,P21,"2021-07-05 00:00:00",7308,34,366
SP03,G4,P13,"2021-07-05 00:00:00",14609,22,812
SP02,G3,P21,"2021-07-06 00:00:00",7721,264,368
SP19,G4,P19,"2021-07-06 00:00:00",6944,446,463
SP25,G1,P02,"2021-07-06 00:00:00",3738,117,234
SP08,G5,P06,"2021-07-06 00:00:00",13867,155,730
SP12,G6,P08,"2021-07-06 00:00:00",6664,152,392
SP20,G2,P07,"2021-07-06 00:00:00",4802,41,161
SP24,G3,P04,"2021-07-06 00:00:00",11410,15,571
SP06,G1,P21,"2021-07-06 00:00:00",308,205,22
SP19,G4,P01,"2021-07-07 00:00:00",2009,87,75
SP08,G3,P02,"2021-07-07 00:00:00",2191,4,200
SP03,G1,P07,"2021-07-07 00:00:00",5642,147,217
SP12,G3,P01,"2021-07-07 00:00:00",511,295,20
SP24,G3,P02,"2021-07-07 00:00:00",19754,175,1976
SP14,G3,P07,"2021-07-07 00:00:00",1547,286,65
SP19,G4,P03,"2021-07-07 00:00:00",4991,532,294
SP14,G4,P18,"2021-07-07 00:00:00",17647,186,679
SP24,G5,P06,"2021-07-07 00:00:00",12593,37,969
SP13,G5,P12,"2021-07-07 00:00:00",4368,51,398
SP12,G6,P02,"2021-07-07 00:00:00",8715,182,727
SP01,G6,P21,"2021-07-07 00:00:00",1617,314,102
SP10,G2,P21,"2021-07-07 00:00:00",1085,110,58
SP14,G4,P16,"2021-07-07 00:00:00",4256,283,158
SP10,G6,P21,"2021-07-07 00:00:00",175,24,8
SP24,G3,P19,"2021-07-07 00:00:00",10689,151,713
SP07,G2,P06,"2021-07-07 00:00:00",7798,9,557
SP23,G1,P15,"2021-07-07 00:00:00",1036,76,87
SP08,G4,P14,"2021-07-07 00:00:00",2107,17,163
SP19,G4,P11,"2021-07-07 00:00:00",7098,348,237
SP09,G3,P09,"2021-07-07 00:00:00",3073,94,513
SP06,G6,P15,"2021-07-07 00:00:00",5145,13,343
SP05,G4,P16,"2021-07-07 00:00:00",4620,166,185
SP12,G1,P01,"2021-07-08 00:00:00",6062,244,217
SP10,G5,P22,"2021-07-08 00:00:00",7581,171,304
SP08,G4,P04,"2021-07-08 00:00:00",2198,17,105
SP24,G1,P01,"2021-07-08 00:00:00",1946,51,65
SP24,G3,P17,"2021-07-08 00:00:00",2800,230,108
SP25,G6,P20,"2021-07-08 00:00:00",7182,332,360
SP22,G2,P21,"2021-07-08 00:00:00",7301,287,522
SP20,G3,P16,"2021-07-08 00:00:00",10108,107,349
SP17,G1,P18,"2021-07-08 00:00:00",5369,97,174
SP18,G3,P21,"2021-07-08 00:00:00",2667,96,167
SP04,G4,P17,"2021-07-08 00:00:00",16779,215,646
SP22,G4,P19,"2021-07-08 00:00:00",10521,132,1169
SP21,G5,P22,"2021-07-08 00:00:00",1113,82,51
SP21,G6,P14,"2021-07-08 00:00:00",13188,301,1015
SP15,G2,P04,"2021-07-08 00:00:00",4760,53,340
SP14,G1,P02,"2021-07-08 00:00:00",6461,153,808
SP13,G3,P09,"2021-07-08 00:00:00",6454,180,718
SP09,G3,P12,"2021-07-08 00:00:00",1757,125,118
SP21,G4,P08,"2021-07-08 00:00:00",2618,83,110
SP14,G1,P07,"2021-07-09 00:00:00",10815,100,373
SP07,G6,P07,"2021-07-09 00:00:00",12488,358,500
SP22,G3,P06,"2021-07-09 00:00:00",4536,139,239
SP01,G1,P08,"2021-07-09 00:00:00",1645,379,83
SP03,G4,P14,"2021-07-12 00:00:00",1883,63,135
SP12,G5,P02,"2021-07-12 00:00:00",7091,92,546
SP07,G5,P19,"2021-07-12 00:00:00",7763,351,555
SP01,G4,P01,"2021-07-12 00:00:00",2534,46,111
SP15,G2,P16,"2021-07-12 00:00:00",91,26,4
SP16,G3,P01,"2021-07-12 00:00:00",1813,31,73
SP09,G2,P04,"2021-07-12 00:00:00",3430,263,215
SP11,G6,P20,"2021-07-12 00:00:00",7063,18,416
SP17,G6,P17,"2021-07-12 00:00:00",3780,38,158
SP07,G4,P05,"2021-07-13 00:00:00",1456,61,91
SP07,G6,P15,"2021-07-13 00:00:00",7889,337,494
SP23,G3,P16,"2021-07-13 00:00:00",693,248,23
SP16,G2,P09,"2021-07-13 00:00:00",9548,32,735
SP04,G4,P21,"2021-07-13 00:00:00",4445,211,203
SP10,G3,P14,"2021-07-13 00:00:00",1288,228,86
SP15,G3,P13,"2021-07-13 00:00:00",6167,322,257
SP05,G6,P03,"2021-07-13 00:00:00",6909,112,364
SP08,G5,P02,"2021-07-13 00:00:00",2296,122,154
SP03,G4,P05,"2021-07-14 00:00:00",406,15,24
SP04,G1,P07,"2021-07-14 00:00:00",1904,199,71
SP14,G6,P03,"2021-07-14 00:00:00",9443,168,430
SP14,G2,P18,"2021-07-14 00:00:00",1232,7,38
SP05,G6,P05,"2021-07-14 00:00:00",1519,9,95
SP24,G6,P12,"2021-07-14 00:00:00",231,299,14
SP16,G3,P11,"2021-07-15 00:00:00",4907,212,205
SP20,G5,P08,"2021-07-15 00:00:00",5999,430,316
SP21,G6,P16,"2021-07-15 00:00:00",2863,158,99
SP02,G5,P16,"2021-07-15 00:00:00",3430,118,132
SP22,G3,P17,"2021-07-15 00:00:00",13405,229,463
SP13,G2,P18,"2021-07-15 00:00:00",1981,260,67
SP14,G5,P02,"2021-07-15 00:00:00",9373,17,1042
SP11,G6,P13,"2021-07-15 00:00:00",12089,104,637
SP16,G2,P07,"2021-07-15 00:00:00",2940,405,109
SP14,G4,P21,"2021-07-15 00:00:00",2149,82,127
SP13,G3,P14,"2021-07-15 00:00:00",7378,104,462
SP21,G3,P11,"2021-07-15 00:00:00",945,59,30
SP14,G2,P05,"2021-07-15 00:00:00",1225,62,82
SP02,G3,P02,"2021-07-15 00:00:00",8484,201,606
SP10,G5,P15,"2021-07-15 00:00:00",2009,75,155
SP13,G2,P09,"2021-07-15 00:00:00",11473,80,1913
SP07,G1,P22,"2021-07-15 00:00:00",945,18,45
SP19,G5,P11,"2021-07-15 00:00:00",973,97,41
SP09,G6,P14,"2021-07-15 00:00:00",6517,36,593
SP11,G4,P07,"2021-07-16 00:00:00",7798,84,312
SP11,G4,P05,"2021-07-16 00:00:00",966,171,57
SP04,G4,P02,"2021-07-16 00:00:00",917,75,77
SP09,G6,P01,"2021-07-16 00:00:00",434,211,17
SP14,G5,P07,"2021-07-16 00:00:00",9037,509,323
SP13,G5,P20,"2021-07-16 00:00:00",364,17,22
SP12,G2,P03,"2021-07-16 00:00:00",7903,14,416
SP05,G2,P13,"2021-07-16 00:00:00",8540,154,389
SP18,G3,P05,"2021-07-16 00:00:00",4130,64,207
SP02,G2,P06,"2021-07-16 00:00:00",2653,161,166
SP22,G6,P06,"2021-07-16 00:00:00",7133,84,549
SP09,G2,P17,"2021-07-16 00:00:00",6678,32,268
SP11,G1,P18,"2021-07-16 00:00:00",9884,258,396
SP18,G5,P02,"2021-07-16 00:00:00",11417,45,1269
SP09,G1,P18,"2021-07-16 00:00:00",11039,91,409
SP07,G5,P16,"2021-07-16 00:00:00",189,229,7
SP18,G1,P21,"2021-07-16 00:00:00",2835,6,135
SP12,G3,P16,"2021-07-16 00:00:00",4214,116,141
SP11,G1,P06,"2021-07-16 00:00:00",3031,505,145
SP25,G1,P13,"2021-07-16 00:00:00",4851,131,211
SP13,G6,P06,"2021-07-16 00:00:00",4543,364,240
SP11,G5,P15,"2021-07-19 00:00:00",3108,210,389
SP14,G6,P07,"2021-07-19 00:00:00",3563,69,128
SP24,G1,P04,"2021-07-19 00:00:00",8981,173,499
SP06,G3,P07,"2021-07-19 00:00:00",833,105,34
SP21,G3,P18,"2021-07-19 00:00:00",4165,20,155
SP06,G4,P07,"2021-07-19 00:00:00",896,211,36
SP06,G3,P15,"2021-07-19 00:00:00",12943,9,925
SP09,G1,P08,"2021-07-19 00:00:00",3983,327,182
SP13,G5,P10,"2021-07-20 00:00:00",4025,73,161
SP02,G4,P08,"2021-07-20 00:00:00",4809,169,241
SP11,G5,P06,"2021-07-20 00:00:00",6398,106,400
SP14,G2,P20,"2021-07-20 00:00:00",2387,160,171
SP20,G1,P15,"2021-07-20 00:00:00",5789,245,446
SP22,G2,P18,"2021-07-20 00:00:00",6769,60,219
SP25,G6,P14,"2021-07-20 00:00:00",3248,113,271
SP07,G3,P16,"2021-07-20 00:00:00",11473,290,499
SP02,G1,P04,"2021-07-20 00:00:00",819,135,49
SP20,G2,P22,"2021-07-20 00:00:00",6195,66,239
SP06,G2,P22,"2021-07-20 00:00:00",2961,24,119
SP12,G5,P10,"2021-07-20 00:00:00",3360,247,147
SP11,G2,P03,"2021-07-20 00:00:00",10059,284,592
SP09,G6,P10,"2021-07-20 00:00:00",5257,278,229
SP23,G2,P20,"2021-07-21 00:00:00",1596,244,84
SP12,G1,P17,"2021-07-21 00:00:00",8316,85,320
SP02,G6,P02,"2021-07-21 00:00:00",3283,356,235
SP12,G1,P11,"2021-07-21 00:00:00",6727,113,217
SP10,G5,P13,"2021-07-21 00:00:00",1344,252,68
SP04,G5,P05,"2021-07-21 00:00:00",4774,72,319
SP12,G2,P01,"2021-07-21 00:00:00",399,243,14
SP22,G5,P01,"2021-07-21 00:00:00",3024,301,121
SP13,G5,P03,"2021-07-21 00:00:00",602,126,41
SP15,G1,P21,"2021-07-21 00:00:00",8673,94,434
SP16,G5,P20,"2021-07-21 00:00:00",12404,192,591
SP05,G3,P06,"2021-07-21 00:00:00",9541,54,637
SP16,G2,P03,"2021-07-21 00:00:00",483,180,25
SP05,G4,P07,"2021-07-21 00:00:00",2709,173,97
SP07,G6,P04,"2021-07-21 00:00:00",10983,68,687
SP21,G4,P18,"2021-07-22 00:00:00",4326,183,140
SP12,G4,P05,"2021-07-22 00:00:00",112,89,7
SP20,G2,P15,"2021-07-22 00:00:00",5565,39,619
SP20,G5,P02,"2021-07-22 00:00:00",9898,110,1100
SP19,G2,P11,"2021-07-22 00:00:00",476,176,20
SP24,G2,P06,"2021-07-22 00:00:00",4599,197,329
SP04,G2,P14,"2021-07-22 00:00:00",3031,113,190
SP02,G6,P11,"2021-07-22 00:00:00",5208,124,186
SP05,G2,P21,"2021-07-22 00:00:00",5873,185,267
SP12,G1,P10,"2021-07-22 00:00:00",16968,139,653
SP17,G2,P21,"2021-07-22 00:00:00",12635,78,903
SP13,G4,P08,"2021-07-22 00:00:00",567,120,34
SP06,G6,P16,"2021-07-22 00:00:00",8246,383,330
SP17,G4,P09,"2021-07-23 00:00:00",3101,232,239
SP22,G3,P20,"2021-07-23 00:00:00",4326,221,228
SP14,G4,P06,"2021-07-23 00:00:00",5376,114,317
SP06,G4,P10,"2021-07-23 00:00:00",2240,9,102
SP23,G6,P12,"2021-07-23 00:00:00",784,118,44
SP01,G3,P03,"2021-07-26 00:00:00",2240,198,118
SP01,G3,P22,"2021-07-26 00:00:00",6643,352,266
SP03,G2,P20,"2021-07-26 00:00:00",4459,186,235
SP14,G3,P21,"2021-07-26 00:00:00",6713,286,373
SP11,G3,P10,"2021-07-26 00:00:00",3108,169,116
SP10,G3,P21,"2021-07-26 00:00:00",11116,118,530
SP06,G2,P08,"2021-07-26 00:00:00",406,329,18
SP17,G6,P19,"2021-07-26 00:00:00",6055,532,757
SP21,G5,P01,"2021-07-26 00:00:00",2968,12,106
SP24,G3,P08,"2021-07-27 00:00:00",5369,264,256
SP08,G5,P17,"2021-07-27 00:00:00",9268,124,371
SP06,G6,P18,"2021-07-27 00:00:00",7735,458,287
SP07,G3,P21,"2021-07-27 00:00:00",8540,390,407
SP17,G2,P20,"2021-07-27 00:00:00",6265,52,369
SP17,G4,P18,"2021-07-27 00:00:00",98,288,4
SP22,G2,P01,"2021-07-27 00:00:00",7105,22,237
SP07,G6,P22,"2021-07-27 00:00:00",10605,14,483
SP18,G2,P06,"2021-07-27 00:00:00",20384,253,1359
SP14,G2,P07,"2021-07-27 00:00:00",364,79,15
SP10,G1,P11,"2021-07-27 00:00:00",6881,161,238
SP16,G5,P11,"2021-07-27 00:00:00",483,48,20
SP14,G6,P20,"2021-07-27 00:00:00",11284,220,753
SP21,G4,P10,"2021-07-27 00:00:00",1449,113,52
SP05,G6,P08,"2021-07-28 00:00:00",7273,403,317
SP10,G3,P07,"2021-07-28 00:00:00",6916,309,277
SP15,G6,P06,"2021-07-28 00:00:00",868,38,52
SP01,G6,P20,"2021-07-28 00:00:00",952,134,53
SP16,G4,P06,"2021-07-28 00:00:00",3220,94,190
SP18,G4,P22,"2021-07-28 00:00:00",3745,187,209
SP04,G3,P03,"2021-07-29 00:00:00",10878,57,473
SP21,G4,P02,"2021-07-29 00:00:00",2653,266,295
SP13,G2,P22,"2021-07-29 00:00:00",1043,133,53
SP25,G2,P14,"2021-07-29 00:00:00",5257,63,526
SP17,G1,P04,"2021-07-29 00:00:00",9639,374,439
SP15,G4,P04,"2021-07-29 00:00:00",12950,249,720
SP01,G5,P19,"2021-07-29 00:00:00",2884,258,412
SP03,G1,P03,"2021-07-29 00:00:00",3024,340,132
SP03,G4,P03,"2021-07-29 00:00:00",9394,332,553
SP07,G4,P10,"2021-07-29 00:00:00",3878,1,177
SP23,G4,P05,"2021-07-29 00:00:00",9863,245,520
SP11,G5,P14,"2021-07-29 00:00:00",3451,256,346
SP19,G5,P21,"2021-07-29 00:00:00",8078,136,385
SP16,G2,P22,"2021-07-29 00:00:00",3115,183,120
SP16,G3,P08,"2021-07-29 00:00:00",1981,325,95
SP19,G4,P13,"2021-07-29 00:00:00",8078,14,426
SP24,G3,P07,"2021-07-29 00:00:00",8757,229,351
SP08,G5,P14,"2021-07-29 00:00:00",4466,230,406
SP04,G3,P18,"2021-07-30 00:00:00",896,140,34
SP15,G3,P21,"2021-07-30 00:00:00",10045,145,670
SP06,G4,P06,"2021-07-30 00:00:00",12845,328,857
SP20,G3,P06,"2021-07-30 00:00:00",8708,115,581
SP02,G1,P19,"2021-07-30 00:00:00",476,21,44
SP25,G4,P04,"2021-07-30 00:00:00",2625,25,120
SP23,G3,P12,"2021-07-30 00:00:00",10969,391,646
SP01,G2,P02,"2021-08-02 00:00:00",14763,155,985
SP20,G4,P19,"2021-08-02 00:00:00",13188,85,1884
SP05,G2,P03,"2021-08-02 00:00:00",6944,299,386
SP20,G5,P17,"2021-08-02 00:00:00",8561,196,306
SP16,G4,P17,"2021-08-02 00:00:00",4753,259,217
SP24,G1,P07,"2021-08-02 00:00:00",10388,95,473
SP18,G5,P17,"2021-08-02 00:00:00",8057,106,310
SP01,G6,P08,"2021-08-02 00:00:00",7,199,1
SP04,G4,P15,"2021-08-02 00:00:00",1666,94,209
SP23,G2,P01,"2021-08-02 00:00:00",3934,99,158
SP12,G1,P18,"2021-08-02 00:00:00",11746,297,368
SP06,G5,P09,"2021-08-02 00:00:00",10150,10,1015
SP21,G6,P03,"2021-08-02 00:00:00",8204,91,513
SP01,G4,P03,"2021-08-02 00:00:00",8015,357,501
SP17,G1,P05,"2021-08-02 00:00:00",2695,136,159
SP22,G1,P12,"2021-08-02 00:00:00",4277,97,286
SP05,G1,P17,"2021-08-02 00:00:00",1617,211,68
SP17,G1,P22,"2021-08-02 00:00:00",6181,146,248
SP19,G3,P13,"2021-08-03 00:00:00",5957,71,249
SP24,G5,P21,"2021-08-03 00:00:00",4550,41,253
SP05,G6,P11,"2021-08-03 00:00:00",7217,1,278
SP06,G1,P06,"2021-08-03 00:00:00",4151,21,260
SP10,G3,P18,"2021-08-03 00:00:00",7910,70,256
SP15,G4,P07,"2021-08-03 00:00:00",5446,299,188
SP24,G6,P09,"2021-08-03 00:00:00",9443,403,1050
SP13,G5,P07,"2021-08-03 00:00:00",7945,101,346
SP14,G2,P13,"2021-08-03 00:00:00",6167,104,257
SP02,G3,P09,"2021-08-04 00:00:00",12404,68,955
SP14,G4,P22,"2021-08-04 00:00:00",7168,12,378
SP16,G5,P03,"2021-08-04 00:00:00",2779,102,155
SP12,G5,P04,"2021-08-05 00:00:00",17843,91,1190
SP09,G1,P03,"2021-08-05 00:00:00",1491,171,68
SP23,G6,P11,"2021-08-05 00:00:00",4907,151,164
SP20,G2,P09,"2021-08-05 00:00:00",11452,137,1273
SP17,G5,P14,"2021-08-05 00:00:00",7301,4,812
SP06,G5,P12,"2021-08-05 00:00:00",1708,65,122
SP16,G2,P10,"2021-08-05 00:00:00",6013,343,215
SP12,G2,P12,"2021-08-05 00:00:00",3654,62,261
SP18,G1,P19,"2021-08-05 00:00:00",13279,12,1660
SP21,G1,P18,"2021-08-05 00:00:00",8554,247,276
SP11,G3,P14,"2021-08-05 00:00:00",8554,56,713
SP24,G6,P10,"2021-08-05 00:00:00",14,27,1
SP19,G6,P03,"2021-08-05 00:00:00",2156,306,114
SP13,G6,P20,"2021-08-06 00:00:00",3605,249,181
SP25,G5,P10,"2021-08-06 00:00:00",3668,248,142
SP06,G6,P06,"2021-08-06 00:00:00",6909,240,329
SP19,G2,P15,"2021-08-06 00:00:00",7434,52,744
SP11,G4,P20,"2021-08-06 00:00:00",2030,223,127
